"vegType","PFT","woodyNonWoody","site","iLMA.early.mean","iLMA.early.sd","iLMA.late.mean","iLMA.late.sd","iLMA.delta.mean","iLMA.delta.sd","iLMA.rOfChange.mean","iLMA.rOfChange.sd","LMA.early.mean","LMA.early.sd","LMA.late.mean","LMA.late.sd","LMA.delta.mean","LMA.delta.sd","LMA.rOfChange.mean","LMA.rOfChange.sd","VPDmean.early","VPDmean.late","VPDmax.early","VPDmax.late","VPDmin.early","VPDmin.late","precip.early","precip.late","Tmean.early","Tmean.late","Tmax.early","Tmax.late","Tmin.early","Tmin.late","SPEI12.early","SPEI12.late","VPDmean.delta","VPDmean.rOfChange","VPDmax.delta","VPDmax.rOfChange","VPDmin.delta","VPDmin.rOfChange","precip.delta","precip.rOfChange","Tmean.delta","Tmean.rOfChange","Tmax.delta","Tmax.rOfChange","Tmin.delta","Tmin.rOfChange","SPEI12.delta","SPEI12.rOfChange","SPEImin","SPEImax","nSPEIwet1.0","nSPEIwet1.5","nSPEIwet2.0","nSPEIdry1.0","nSPEIdry1.5","nSPEIdry2.0"
"Broadleaf deciduous f.","broadleaf","woody","CLBJ",3.8143132402778,NA,3.5308693072154,NA,-0.283443933062403,NA,-0.00944813110208009,NA,0.0118903774919722,NA,0.0106658146679627,NA,-0.0012245628240095,NA,-4.08187608003168e-05,NA,0.894245160141063,0.94030165131047,1.92199735667801,2.05459400696075,0.281760299930855,0.367054014291368,1006.81341041918,985.652628340971,17.9510750724798,18.7814619396678,34.6753136486189,35.5375599904379,1.02320655151662,2.70658434826073,0.194897658415139,0.215285605460026,0.0460564911694066,0.00153521637231355,0.132596650282735,0.00441988834275783,0.0852937143605133,0.00284312381201711,-21.1607820782057,-0.705359402606856,0.830386867187951,0.0276795622395984,0.862246341819009,0.0287415447273003,1.68337779674411,0.0561125932248036,0.020387947044887,0.000679598234829568,-1.69757211665634,1.75129177347295,6,1,0,7,2,0
"Broadleaf deciduous f.","broadleaf","woody","CWTT1",2.85906295164413,NA,2.86771331516318,NA,0.00865036351905113,NA,0.000288345450635038,NA,0.00776340966998813,NA,0.00780078183549947,NA,3.73721655113381e-05,NA,1.24573885037794e-06,NA,0.392691768608316,0.450605747253361,0.652498620764996,0.726340259473753,0.190455104555617,0.221860866406037,1548.7387609266,1626.60664669907,11.9745743044737,13.3616114060769,26.5538512289433,27.5648218706524,-3.61054181917927,-1.62613831411352,0.0994507646139366,0.514216170822204,0.0579139786450454,0.00193046595483485,0.0738416387087565,0.00246138795695855,0.0314057618504195,0.00104685872834732,77.8678857724667,2.59559619241556,1.38703710160323,0.0462345700534409,1.01097064170908,0.0336990213903026,1.98440350506576,0.0661467835021919,0.414765406208268,0.0138255135402756,-2.27372217599351,2.24770354533643,6,2,1,5,2,1
"Broadleaf deciduous f.","broadleaf","woody","CWTT2",3.44282293987747,NA,3.19951096268273,NA,-0.243311977194736,NA,-0.00811039923982454,NA,0.0102854279471526,NA,0.00923424721207822,NA,-0.0010511807350744,NA,-3.50393578358134e-05,NA,0.392691768608316,0.450605747253361,0.652498620764996,0.726340259473753,0.190455104555617,0.221860866406037,1548.7387609266,1626.60664669907,11.9745743044737,13.3616114060769,26.5538512289433,27.5648218706524,-3.61054181917927,-1.62613831411352,0.0994507669479294,0.514219497638186,0.0579139786450454,0.00193046595483485,0.0738416387087565,0.00246138795695855,0.0314057618504195,0.00104685872834732,77.8678857724667,2.59559619241556,1.38703710160323,0.0462345700534409,1.01097064170908,0.0336990213903026,1.98440350506576,0.0661467835021919,0.414768730690257,0.0138256243563419,-2.27371436039242,2.2477045603096,6,2,1,5,2,1
"Broadleaf deciduous f.","broadleaf","woody","CWTT3",2.88093266430273,NA,2.92040867172963,NA,0.0394760074268983,NA,0.00131586691422994,NA,0.00785789338958706,NA,0.00802844158447351,NA,0.000170548194886447,NA,5.68493982954823e-06,NA,0.392691768608316,0.450605747253361,0.652498620764996,0.726340259473753,0.190455104555617,0.221860866406037,1548.7387609266,1626.60664669907,11.9745743044737,13.3616114060769,26.5538512289433,27.5648218706524,-3.61054181917927,-1.62613831411352,0.0994507646895295,0.51421627831063,0.0579139786450454,0.00193046595483485,0.0738416387087565,0.00246138795695855,0.0314057618504195,0.00104685872834732,77.8678857724667,2.59559619241556,1.38703710160323,0.0462345700534409,1.01097064170908,0.0336990213903026,1.98440350506576,0.0661467835021919,0.4147655136211,0.0138255171207033,-2.27372192347559,2.24770357813104,6,2,1,5,2,1
"Broadleaf deciduous f.","broadleaf","woody","CWTT4",2.80293238774659,NA,2.72817770486702,NA,-0.0747546828795622,NA,-0.00249182276265207,NA,0.00752090879478157,NA,0.007197946138337,NA,-0.000322962656444564,NA,-1.07654218814855e-05,NA,0.377639495039006,0.437067251258465,0.623978047106544,0.702947147630029,0.179797153621145,0.213922225727651,1482.68338419389,1564.04918982805,11.6402933993923,13.0652166657197,26.2192782086475,27.2396752282473,-4.26058761885657,-2.05612948809484,0.0778348977852078,0.522610924276379,0.0594277562194589,0.0019809252073153,0.0789691005234843,0.00263230335078281,0.0341250721065065,0.00113750240355022,81.3658056341581,2.7121935211386,1.42492326632745,0.0474974422109149,1.02039701959981,0.0340132339866604,2.20445813076173,0.0734819376920577,0.444776026491171,0.0148258675497057,-2.15811299851879,2.17877393139184,6,2,1,5,2,1
"Broadleaf deciduous f.","broadleaf","woody","CWTT5",2.90350574415678,NA,2.92403844164971,NA,0.0205326974929374,NA,0.00068442324976458,NA,0.00795541586648054,NA,0.00804412327945927,NA,8.87074129787314e-05,NA,2.95691376595771e-06,NA,0.392691768608316,0.450605747253361,0.652498620764996,0.726340259473753,0.190455104555617,0.221860866406037,1548.7387609266,1626.60664669907,11.9745743044737,13.3616114060769,26.5538512289433,27.5648218706524,-3.61054181917927,-1.62613831411352,0.0994507658468239,0.514217926121524,0.0579139786450454,0.00193046595483485,0.0738416387087565,0.00246138795695855,0.0314057618504195,0.00104685872834732,77.8678857724667,2.59559619241556,1.38703710160323,0.0462345700534409,1.01097064170908,0.0336990213903026,1.98440350506576,0.0661467835021919,0.4147671602747,0.0138255720091567,-2.27371805232935,2.24770408086712,6,2,1,5,2,1
"Broadleaf deciduous f.","broadleaf","woody","Gothic_Asp",2.86921565483986,NA,3.08523460850664,NA,0.216018953666779,NA,0.00720063178889265,NA,0.00780727239360463,NA,0.00874053907913121,NA,0.000933266685526582,NA,3.11088895175527e-05,NA,0.27019005837679,0.356371340575687,0.637930214018008,0.841078200850438,0.0770554890556935,0.0825661671262454,887.281959212858,706.656413796203,-0.621929435530648,0.631881250098635,18.4494794811781,20.0703846651057,-16.236950319869,-15.5555840261054,0.696967884095816,-0.142540918691632,0.0861812821988977,0.00287270940662992,0.203147986832431,0.00677159956108102,0.00551067807055189,0.000183689269018396,-180.625545416655,-6.02085151388848,1.25381068562928,0.0417936895209761,1.62090518392764,0.0540301727975881,0.681366293763558,0.0227122097921186,-0.839508802787448,-0.0279836267595816,-3.78625704413051,1.37400131435381,3,0,0,6,3,1
"Broadleaf deciduous f.","broadleaf","woody","GRSM",3.08812708535212,NA,3.02251079309498,NA,-0.0656162922571437,NA,-0.00218720974190479,NA,0.00875303544684678,NA,0.00846955337940825,NA,-0.000283482067438535,NA,-9.44940224795118e-06,NA,0.371032669944332,0.442656955391132,0.629597324876867,0.750322223106806,0.155233597572075,0.197848060760279,1419.89663986479,1502.37957754996,11.4125827835432,12.9236610272063,26.347473502152,27.2131379810213,-5.26121104619993,-2.96773238673842,0.0579226698997879,0.665583133291236,0.0716242854468001,0.00238747618156,0.120724898229939,0.0040241632743313,0.042614463188204,0.00142048210627347,82.4829376851712,2.74943125617237,1.51107824366306,0.0503692747887688,0.865664478869324,0.0288554826289775,2.29347865946151,0.0764492886487169,0.607660463391448,0.0202553487797149,-1.93608401767429,2.15002972929383,6,3,1,7,4,0
"Broadleaf deciduous f.","broadleaf","woody","MLBS",2.49959784149724,NA,2.80392902106123,NA,0.304331179563992,NA,0.0101443726521331,NA,0.00621041255462053,NA,0.00752521454969084,NA,0.00131480199507031,NA,4.38267331690105e-05,NA,0.38509588286973,0.430624585157564,0.710235375761997,0.78131346942352,0.148227275016949,0.181675330250266,1060.60052443103,1067.63896733925,10.018824445582,11.2784279606248,26.1292712200273,26.7102274124505,-6.83708270647702,-5.36910898712138,0.247943967965369,0.242405961141404,0.0455287022878334,0.00151762340959445,0.0710780936615232,0.00236926978871744,0.0334480552333172,0.00111493517444391,7.03844290822713,0.234614763607571,1.25960351504276,0.0419867838347586,0.580956192423244,0.0193652064141081,1.46797371935564,0.0489324573118547,-0.00553800682396494,-0.000184600227465498,-2.43869258192256,2.21225581575184,5,4,1,3,3,2
"Broadleaf deciduous f.","broadleaf","woody","SCBI",3.07665221205664,NA,3.08246816422798,NA,0.00581595217134101,NA,0.000193865072378034,NA,0.00870346055174829,NA,0.00872858720991413,NA,2.51266581658433e-05,NA,8.37555272194777e-07,NA,0.522422987276243,0.531467800402125,1.08161929689843,1.01852117338281,0.168671879750874,0.214784614089728,1000.62497958589,1146.35201736023,11.6330335408891,12.6886936515481,29.6608977149245,29.6244031364339,-6.45193622325013,-4.63530177662199,0.115753861545911,-0.00454544820490558,0.00904481312588135,0.000301493770862712,-0.0630981235156238,-0.00210327078385413,0.046112734338854,0.00153709114462847,145.727037774338,4.85756792581125,1.055660110659,0.0351886703552999,-0.0364945784905686,-0.00121648594968562,1.81663444662814,0.0605544815542714,-0.120299309750817,-0.0040099769916939,-2.2241116355357,1.68291482699633,5,3,0,7,2,1
"Broadleaf deciduous f.","broadleaf","woody","SERC",3.27947323610107,NA,3.15292441615213,NA,-0.126548819948935,NA,-0.00421829399829784,NA,0.00957970822192744,NA,0.00903297935510206,NA,-0.00054672886682538,NA,-1.8224295560846e-05,NA,0.54576547145497,0.534579708162347,1.0687144565786,0.984692520424674,0.188931163940892,0.222622237140415,1109.85663993188,1308.66902319714,13.3128517199812,14.2230616074745,29.6659937984573,29.6804292336914,-3.55132466299574,-2.15928687980201,0.0823155488555639,0.0283282129432628,-0.0111857632926232,-0.000372858776420774,-0.0840219361539246,-0.00280073120513082,0.0336910731995234,0.00112303577331745,198.812383265259,6.62707944217529,0.910209887493284,0.0303403295831095,0.014435435234109,0.000481181174470298,1.39203778319373,0.0464012594397909,-0.0539873359123011,-0.00179957786374337,-2.22767842770066,2.630248222176,3,1,1,6,4,1
"Broadleaf deciduous f.","broadleaf","woody","SNP6",4.94153050088047,NA,4.5352269223668,NA,-0.406303578513672,NA,-0.0135434526171224,NA,0.0167602942229539,NA,0.0150049408727013,NA,-0.0017553533502526,NA,-5.85117783417534e-05,NA,0.600102762172604,0.800712032832188,1.46078450112409,1.83594679432941,0.159895371569337,0.169802274742526,1018.98039769689,941.215201638926,11.3792895021731,12.5862954981489,28.7254921509014,30.1733585076313,-2.01933280860132,-2.03957931092672,0.381104624413848,-0.39730243656265,0.200609270659584,0.0066869756886528,0.375162293205318,0.0125054097735106,0.00990690317318815,0.000330230105772938,-77.7651960579666,-2.59217320193222,1.20700599597583,0.0402335331991942,1.4478663567299,0.0482622118909968,-0.0202465023253962,-0.000674883410846538,-0.778407060976498,-0.0259469020325499,-1.74765815585348,2.17406322829724,3,2,1,7,2,0
"Broadleaf deciduous f.","broadleaf","woody","UNDE",2.85484140628418,NA,2.95005639921394,NA,0.0952149929297641,NA,0.0031738330976588,NA,0.00774517132756953,NA,0.00815652866152399,NA,0.000411357333954456,NA,1.37119111318152e-05,NA,0.30604336788654,0.300062013418598,0.727802990415089,0.67906787360206,0.0477037431048568,0.0547722569236116,920.963125858146,1012.74703465176,4.45617298231792,5.04069596525509,25.0504590295512,24.675273026971,-16.4729029809585,-14.8477563373693,0.457575749798625,0.835522531586548,-0.00598135446794257,-0.000199378482264752,-0.048735116813029,-0.00162450389376763,0.00706851381875477,0.000235617127291826,91.7839087936155,3.05946362645385,0.58452298293717,0.019484099431239,-0.375186002580225,-0.0125062000860075,1.62514664358928,0.0541715547863095,0.377946781787923,0.0125982260595974,-2.05091976509803,1.71913779962301,8,1,0,6,2,1
"Broadleaf evergreen f.","broadleaf","woody","BCIT1",3.21345078171885,NA,3.45783490859374,NA,0.244384126874886,NA,0.00814613756249619,NA,0.00929447141225993,NA,0.0103502841555975,NA,0.0010558127433376,NA,3.51937581112533e-05,NA,0.426507890091504,0.469653917029292,0.774714216924547,0.854603127238022,0.245949538228772,0.267835700417333,2839.18163643961,2833.88421197194,25.1570801370536,25.8397367533953,29.6495247259724,30.2455242607744,22.5875279663435,23.1767633118645,-0.260743482647376,-0.189147777126164,0.0431460269377879,0.00143820089792626,0.0798889103134752,0.00266296367711584,0.0218861621885607,0.000729538739618689,-5.29742446766295,-0.176580815588765,0.682656616341681,0.0227552205447227,0.595999534801987,0.0198666511600662,0.589235345521008,0.0196411781840336,0.0715957055212119,0.00238652351737373,-1.5299525469808,2.16743068917185,5,2,1,3,1,0
"Broadleaf evergreen f.","broadleaf","woody","BCIT2",3.37402419183831,NA,3.58206388187746,NA,0.208039690039154,NA,0.00693465633463846,NA,0.00998819671599905,NA,0.0108869905888752,NA,0.000898793872876159,NA,2.99597957625386e-05,NA,0.426507890091504,0.469653917029292,0.774714216924547,0.854603127238022,0.245949538228772,0.267835700417333,2839.18163643961,2833.88421197194,25.1570801370536,25.8397367533953,29.6495247259724,30.2455242607744,22.5875279663435,23.1767633118645,-0.260744161810089,-0.189146509491655,0.0431460269377879,0.00143820089792626,0.0798889103134752,0.00266296367711584,0.0218861621885607,0.000729538739618689,-5.29742446766295,-0.176580815588765,0.682656616341681,0.0227552205447227,0.595999534801987,0.0198666511600662,0.589235345521008,0.0196411781840336,0.071597652318434,0.00238658841061447,-1.52995305302319,2.16743063046034,5,2,1,3,1,0
"Broadleaf evergreen f.","broadleaf","woody","BCIT3",3.43306742339391,NA,3.32902016026635,NA,-0.104047263127558,NA,-0.00346824210425193,NA,0.0102432811892887,NA,0.00979376579839872,NA,-0.000449515390889978,NA,-1.49838463629993e-05,NA,0.426507890091504,0.469653917029292,0.774714216924547,0.854603127238022,0.245949538228772,0.267835700417333,2839.18163643961,2833.88421197194,25.1570801370536,25.8397367533953,29.6495247259724,30.2455242607744,22.5875279663435,23.1767633118645,-0.260743502368568,-0.189147740317213,0.0431460269377879,0.00143820089792626,0.0798889103134752,0.00266296367711584,0.0218861621885607,0.000729538739618689,-5.29742446766295,-0.176580815588765,0.682656616341681,0.0227552205447227,0.595999534801987,0.0198666511600662,0.589235345521008,0.0196411781840336,0.0715957620513548,0.00238652540171183,-1.52995256167538,2.16743068746689,5,2,1,3,1,0
"Broadleaf evergreen f.","broadleaf","woody","BCIT4",4.64377591022322,NA,3.57680886426157,NA,-1.06696704596165,NA,-0.0355655681987218,NA,0.0154739050649374,NA,0.0108642873362693,NA,-0.00460961772866815,NA,-0.000153653924288938,NA,0.426507890091504,0.469653917029292,0.774714216924547,0.854603127238022,0.245949538228772,0.267835700417333,2839.18163643961,2833.88421197194,25.1570801370536,25.8397367533953,29.6495247259724,30.2455242607744,22.5875279663435,23.1767633118645,-0.260744148023307,-0.18914653522414,0.0431460269377879,0.00143820089792626,0.0798889103134752,0.00266296367711584,0.0218861621885607,0.000729538739618689,-5.29742446766295,-0.176580815588765,0.682656616341681,0.0227552205447227,0.595999534801987,0.0198666511600662,0.589235345521008,0.0196411781840336,0.0715976127991669,0.00238658709330556,-1.52995304275091,2.16743063165207,5,2,1,3,1,0
"Broadleaf evergreen f.","broadleaf","woody","BCIT5",3.27980665637052,NA,3.59282120967862,NA,0.313014553308102,NA,0.0104338184436034,NA,0.00958114869751756,NA,0.0109334654721746,NA,0.001352316774657,NA,4.50772258219e-05,NA,0.426507890091504,0.469653917029292,0.774714216924547,0.854603127238022,0.245949538228772,0.267835700417333,2839.18163643961,2833.88421197194,25.1570801370536,25.8397367533953,29.6495247259724,30.2455242607744,22.5875279663435,23.1767633118645,-0.260743840124896,-0.189147109906108,0.0431460269377879,0.00143820089792626,0.0798889103134752,0.00266296367711584,0.0218861621885607,0.000729538739618689,-5.29742446766295,-0.176580815588765,0.682656616341681,0.0227552205447227,0.595999534801987,0.0198666511600662,0.589235345521008,0.0196411781840336,0.071596730218788,0.0023865576739596,-1.52995281333951,2.1674306582678,5,2,1,3,1,0
"Broadleaf evergreen f.","broadleaf","woody","Boshum",3.3485152614475,NA,3.02271827384226,NA,-0.325796987605243,NA,-0.0108598995868414,NA,0.00987799048403165,NA,0.00847044975848071,NA,-0.00140754072555094,NA,-4.69180241850314e-05,NA,0.850483782226924,0.882944097421812,1.62104071982044,1.57198026186538,0.331005411420988,0.355360172999042,1441.89033172924,1391.74204233756,25.7901748083696,26.3643552909909,34.4055423621458,34.2037634698756,21.6488875886961,22.446891319191,-0.737675907568502,0.334568451567243,0.0324603151948881,0.00108201050649627,-0.0490604579550642,-0.00163534859850214,0.0243547615780547,0.000811825385935157,-50.1482893916752,-1.67160964638917,0.574180482621298,0.0191393494207099,-0.201778892270227,-0.00672596307567422,0.798003730494816,0.0266001243498272,1.07224435913575,0.0357414786378582,-1.63440286377864,1.87386224510042,8,3,0,5,2,0
"Broadleaf evergreen f.","broadleaf","woody","Cacao-1",4.66916597437173,NA,4.26811007402812,NA,-0.401055900343607,NA,-0.0133685300114536,NA,0.0155835977590781,NA,0.0138509159528237,NA,-0.00173268180625447,NA,-5.77560602084823e-05,NA,0.595421081215077,0.584651417785985,1.14983249604093,1.05248673828235,0.272383476448044,0.292885786812228,1629.10295582439,1747.92903241988,23.8528171508439,24.3019060044369,30.8925261407862,30.7296594967432,20.3465524323194,21.0873396739293,-0.615966642494932,0.646107161509176,-0.0107696634290928,-0.00035898878096976,-0.0973457577585819,-0.00324485859195273,0.0205023103641842,0.000683410345472807,118.826076595487,3.96086921984957,0.449088853593004,0.0149696284531001,-0.162866644043014,-0.00542888813476713,0.740787241609894,0.0246929080536631,1.26207380400411,0.0420691268001369,-1.64320089225716,1.80615650957814,7,3,0,7,2,0
"Broadleaf evergreen f.","broadleaf","woody","Cacao-2",NA,NA,4.08730633309174,NA,NA,NA,NA,NA,NA,NA,0.0130697895508562,NA,NA,NA,NA,NA,0.595421081215077,0.584651417785985,1.14983249604093,1.05248673828235,0.272383476448044,0.292885786812228,1629.10295582439,1747.92903241988,23.8528171508439,24.3019060044369,30.8925261407862,30.7296594967432,20.3465524323194,21.0873396739293,-0.615967089719767,0.646108354779394,-0.0107696634290928,-0.00035898878096976,-0.0973457577585819,-0.00324485859195273,0.0205023103641842,0.000683410345472807,118.826076595487,3.96086921984957,0.449088853593004,0.0149696284531001,-0.162866644043014,-0.00542888813476713,0.740787241609894,0.0246929080536631,1.26207544449916,0.0420691814833054,-1.64320035764846,1.80615677912116,7,3,0,7,2,0
"Broadleaf evergreen f.","broadleaf","woody","Cecilia",3.67671423308203,NA,3.3802161207234,NA,-0.296498112358637,NA,-0.00988327041195457,NA,0.0112959085011843,NA,0.0100149477063613,NA,-0.00128096079482303,NA,-4.26986931607678e-05,NA,0.730125113674962,0.741722898689276,1.40470051238579,1.29878221631521,0.315350942249989,0.345863424620477,1405.13517787616,1331.90054942279,25.7738249687794,26.2697857986276,34.0553322921648,33.7059662872801,21.938762368155,22.6983396750212,-0.777199637346861,0.27733925461037,0.0115977850143133,0.000386592833810443,-0.105918296070573,-0.00353060986901911,0.0305124823704881,0.00101708274568294,-73.2346284533658,-2.44115428177886,0.495960829848251,0.0165320276616084,-0.349366004884622,-0.0116455334961541,0.759577306866127,0.0253192435622042,1.05453889195723,0.0351512963985744,-1.5931648463308,1.90643469780223,6,1,0,5,2,0
"Broadleaf evergreen f.","broadleaf","woody","Cielo",3.45952490728597,NA,2.92570081478009,NA,-0.533824092505883,NA,-0.0177941364168628,NA,0.0103575854569476,NA,0.0080513052300944,NA,-0.0023062802268532,NA,-7.68760075617733e-05,NA,0.562955436090447,0.630410148801918,0.837118573487269,0.916765391421661,0.308037202631812,0.409718787602261,1201.78339761578,1058.57921627991,18.8643125643374,19.5530138569622,27.7576498844173,28.5272589762103,9.09375478061522,9.54825473668028,-0.131108819333089,0.38877983795095,0.0674547127114709,0.0022484904237157,0.0796468179343925,0.00265489393114642,0.101681584970449,0.00338938616568162,-143.204181335873,-4.77347271119576,0.688701292624813,0.0229567097541604,0.769609091793043,0.0256536363931014,0.454499956065064,0.0151499985355021,0.519888657284039,0.017329621909468,-3.01915258456335,1.91421438157145,6,3,0,4,1,1
"Broadleaf evergreen f.","broadleaf","woody","GUAN",3.71032056002664,NA,3.47685827505946,NA,-0.233462284967181,NA,-0.00778207616557271,NA,0.0114410979154831,NA,0.0104324708057394,NA,-0.00100862710974371,NA,-3.36209036581236e-05,NA,0.83864992233124,0.842513096456885,1.01740935616195,1.00094913834761,0.595454781204432,0.602510697768313,834.291393666235,811.169259432673,25.8929907258144,26.3460571608544,30.9902796938639,31.0244468455339,21.8280713721752,22.525572050198,0.0718740902896784,0.0890272274594588,0.00386317412564485,0.000128772470854828,-0.0164602178143405,-0.000548673927144683,0.00705591656388194,0.000235197218796065,-23.122134233562,-0.770737807785398,0.453066435040061,0.0151022145013354,0.0341671516700401,0.001138905055668,0.697500678022777,0.0232500226007592,0.0171531371697804,0.000571771238992679,-1.482833086741,1.71694396518308,7,1,0,7,0,0
"Broadleaf evergreen f.","broadleaf","woody","LUQT1",NA,NA,3.31302939804448,NA,NA,NA,NA,NA,NA,NA,0.00972468090837156,NA,NA,NA,NA,NA,0.577631401113713,0.628497128297118,0.735581432296953,0.745641590970553,0.434413634616869,0.4759452978683,1377.91548727853,1263.35074499203,24.2362564702417,24.773563199756,28.5108364579499,28.9711106334749,20.6748802489004,21.2876701031476,0.128739864699281,0.198603409001975,0.0508657271834053,0.00169552423944684,0.0100601586736004,0.000335338622453348,0.0415316632514319,0.00138438877504773,-114.564742286497,-3.81882474288325,0.537306729514313,0.0179102243171438,0.460274175525043,0.0153424725175014,0.612789854247222,0.0204263284749074,0.0698635443026938,0.00232878481008979,-2.20626592742463,1.91296445194789,5,2,0,4,2,1
"Broadleaf evergreen f.","broadleaf","woody","LUQT2",3.38776341913363,NA,3.33714179477948,NA,-0.0506216243541475,NA,-0.00168738747847158,NA,0.010047554299683,NA,0.0098288536959858,NA,-0.000218700603697206,NA,-7.29002012324019e-06,NA,0.577631401113713,0.628497128297118,0.735581432296953,0.745641590970553,0.434413634616869,0.4759452978683,1377.91548727853,1263.35074499203,24.2362564702417,24.773563199756,28.5108364579499,28.9711106334749,20.6748802489004,21.2876701031476,0.128738704167823,0.198604938463878,0.0508657271834053,0.00169552423944684,0.0100601586736004,0.000335338622453348,0.0415316632514319,0.00138438877504773,-114.564742286497,-3.81882474288325,0.537306729514313,0.0179102243171438,0.460274175525043,0.0153424725175014,0.612789854247222,0.0204263284749074,0.0698662342960547,0.00232887447653516,-2.20626830534204,1.91296583708972,5,2,0,4,2,1
"Broadleaf evergreen f.","broadleaf","woody","LUQT3",NA,NA,3.81412304287829,NA,NA,NA,NA,NA,NA,NA,0.0118895557821471,NA,NA,NA,NA,NA,0.577631401113713,0.628497128297118,0.735581432296953,0.745641590970553,0.434413634616869,0.4759452978683,1377.91548727853,1263.35074499203,24.2362564702417,24.773563199756,28.5108364579499,28.9711106334749,20.6748802489004,21.2876701031476,0.12874012093435,0.198603071309403,0.0508657271834053,0.00169552423944684,0.0100601586736004,0.000335338622453348,0.0415316632514319,0.00138438877504773,-114.564742286497,-3.81882474288325,0.537306729514313,0.0179102243171438,0.460274175525043,0.0153424725175014,0.612789854247222,0.0204263284749074,0.0698629503750527,0.00232876501250176,-2.20626540240215,1.91296414611849,5,2,0,4,2,1
"Broadleaf evergreen f.","broadleaf","woody","LUQT4",NA,NA,2.99432155916557,NA,NA,NA,NA,NA,NA,NA,0.00834776743206302,NA,NA,NA,NA,NA,0.577631401113713,0.628497128297118,0.735581432296953,0.745641590970553,0.434413634616869,0.4759452978683,1377.91548727853,1263.35074499203,24.2362564702417,24.773563199756,28.5108364579499,28.9711106334749,20.6748802489004,21.2876701031476,0.12873878434881,0.198604832793749,0.0508657271834053,0.00169552423944684,0.0100601586736004,0.000335338622453348,0.0415316632514319,0.00138438877504773,-114.564742286497,-3.81882474288325,0.537306729514313,0.0179102243171438,0.460274175525043,0.0153424725175014,0.612789854247222,0.0204263284749074,0.0698660484449384,0.00232886828149795,-2.20626814105184,1.91296574139099,5,2,0,4,2,1
"Broadleaf evergreen f.","broadleaf","woody","LUQT5",NA,NA,2.94003908893629,NA,NA,NA,NA,NA,NA,NA,0.00811325087593143,NA,NA,NA,NA,NA,0.577631401113713,0.628497128297118,0.735581432296953,0.745641590970553,0.434413634616869,0.4759452978683,1377.91548727853,1263.35074499203,24.2362564702417,24.773563199756,28.5108364579499,28.9711106334749,20.6748802489004,21.2876701031476,0.128739242697832,0.198604228737205,0.0508657271834053,0.00169552423944684,0.0100601586736004,0.000335338622453348,0.0415316632514319,0.00138438877504773,-114.564742286497,-3.81882474288325,0.537306729514313,0.0179102243171438,0.460274175525043,0.0153424725175014,0.612789854247222,0.0204263284749074,0.0698649860393734,0.00232883286797911,-2.20626720189883,1.91296519433428,5,2,0,4,2,1
"Broadleaf evergreen f.","broadleaf","woody","Mantonio",3.12266046361039,NA,3.14170215463563,NA,0.0190416910252362,NA,0.000634723034174541,NA,0.00890223000093597,NA,0.0089844958186723,NA,8.22658177363263e-05,NA,2.74219392454421e-06,NA,0.318422039522042,0.357558502631409,0.518201041559797,0.62987163300719,0.196254234531789,0.205555729827535,7975.21619315472,7556.35933344043,24.9189390047418,25.6125065583211,28.2675909268266,29.2157695124403,21.3944165342167,22.1000219660745,-0.18267581106818,-0.280063182784491,0.0391364631093666,0.00130454877031222,0.111670591447392,0.00372235304824641,0.00930149529574609,0.000310049843191536,-418.856859714291,-13.9618953238097,0.693567553579271,0.0231189184526424,0.948178585613771,0.0316059528537924,0.705605431857865,0.0235201810619288,-0.0973873717163115,-0.00324624572387705,-3.30365369318777,2.26539038940055,5,2,1,4,1,1
"Broadleaf evergreen f.","broadleaf","woody","Maritza",4.23310236873425,NA,3.5327112889807,NA,-0.700391079753552,NA,-0.0233463693251184,NA,0.0136996721636426,NA,0.0106737725817833,NA,-0.0030258995818593,NA,-0.00010086331939531,NA,0.575754946424493,0.552972519981358,1.10162139128419,0.980009456393693,0.285537922135006,0.306948917123352,1582.93324518774,1784.21440834035,24.0051409138257,24.4086223372202,30.3847822823435,30.2250939011764,20.6814962606326,21.3060537845253,-0.588850395141112,0.862604162298802,-0.0227824264431351,-0.00075941421477117,-0.121611934890495,-0.00405373116301649,0.0214109949883458,0.00071369983294486,201.281163152607,6.70937210508689,0.403481423394474,0.0134493807798158,-0.159688381167037,-0.00532294603890122,0.62455752389269,0.0208185841297563,1.45145455743991,0.0483818185813305,-1.70865848929568,2.07042789536828,7,3,1,7,2,0
"Broadleaf evergreen f.","broadleaf","woody","Nara",4.58062809575181,NA,4.39988487622582,NA,-0.18074321952599,NA,-0.00602477398419966,NA,0.0152010875620765,NA,0.0144202226307584,NA,-0.0007808649313181,NA,-2.60288310439367e-05,NA,0.314915278690764,0.346501918284676,0.516938899866052,0.59546085050534,0.192141205568136,0.212380529871167,6330.74093223873,6063.45669981075,22.1075601526331,22.7677930512961,25.949303048606,26.9198577804795,18.5532516598845,19.0617876031528,-0.263546116795538,-0.142671181932077,0.0315866395939114,0.00105288798646371,0.0785219506392884,0.00261739835464295,0.0202393243030311,0.00067464414343437,-267.284232427982,-8.90947441426606,0.660232898662994,0.0220077632887665,0.970554731873435,0.0323518243957812,0.508535943268257,0.0169511981089419,0.120874934863461,0.00402916449544869,-2.9844302022042,1.98935096856805,7,2,0,4,1,1
"Broadleaf evergreen f.","broadleaf","woody","Playa_Hachal",2.57047256709002,NA,2.59555299896609,NA,0.0250804318760727,NA,0.000836014395869089,NA,0.00651661263159901,NA,0.00662496762143321,NA,0.000108354989834198,NA,3.61183299447326e-06,NA,0.751657703896928,0.752219794136132,1.22318606482222,1.15332521418904,0.449717902491493,0.465425225505936,1212.86551695043,1322.86077648222,25.9485945270268,26.4004527540076,31.3227973518171,31.366862059677,22.8744345057572,23.4449144813648,-0.585252421908085,0.611923985796782,0.000562090239204505,1.87363413068168e-05,-0.0698608506331737,-0.00232869502110579,0.0157073230144426,0.000523577433814752,109.995259531786,3.66650865105952,0.451858226980807,0.0150619408993602,0.0440647078598353,0.00146882359532784,0.570479975607547,0.0190159991869182,1.19717640770487,0.0399058802568289,-1.69502874488247,1.76700019803531,8,3,0,5,1,0
"Broadleaf evergreen f.","broadleaf","woody","PUUM",NA,NA,5.50891113215445,NA,NA,NA,NA,NA,NA,NA,0.0192115487642469,NA,NA,NA,NA,NA,0.275981022762187,0.293864286380685,0.370455846851834,0.393045512585613,0.196574585222551,0.205966737200666,2408.14104206817,2566.1207043384,15.8061521477679,16.5965315371635,21.6939163722757,22.7398483843182,10.1872600040087,10.5696914482553,0.311971718551024,0.105969320703429,0.0178832636184985,0.000596108787283284,0.0225896657337787,0.000752988857792625,0.00939215197811505,0.000313071732603835,157.979662270232,5.26598874234105,0.790379389395602,0.0263459796465201,1.0459320120425,0.0348644004014168,0.382431444246556,0.0127477148082185,-0.206002397847594,-0.00686674659491981,-2.10700212533407,2.44007485625705,4,3,1,8,1,1
"Broadleaf evergreen f.","broadleaf","woody","RDLV",4.55422023454384,NA,3.45474687963855,NA,-1.09947335490529,NA,-0.0366491118301762,NA,0.0150869976792997,NA,0.0103369429441024,NA,-0.0047500547351973,NA,-0.00015833515783991,NA,0.439247922785927,0.424267716212079,0.888131738376737,0.771472212502187,0.208415090167318,0.235204692289533,1850.42407854329,1959.12355299245,22.0339349694191,22.4957570932301,29.0744105591709,28.7872372047803,18.5092261974367,19.2836078451031,-0.626501318706435,0.570080831929372,-0.0149802065738483,-0.000499340219128277,-0.11665952587455,-0.003888650862485,0.0267896021222147,0.000892986737407156,108.699474449161,3.62331581497203,0.461822123811032,0.0153940707937011,-0.287173354390632,-0.00957244514635439,0.774381647666388,0.0258127215888796,1.19658215063581,0.0398860716878602,-1.78686141054028,2.19218724384733,7,2,1,6,1,0
"Broadleaf evergreen f.","broadleaf","woody","SV-1",5.91194530196927,NA,4.85653257700966,NA,-1.05541272495961,NA,-0.0351804241653203,NA,0.0209527772880978,NA,0.0163930776924549,NA,-0.00455969959564295,NA,-0.000151989986521432,NA,0.271791516437866,0.284622200224512,0.428101830718628,0.466347052444672,0.158407344307616,0.176996532468382,3947.76908013069,4036.89972731115,16.7062984692552,17.3140993794771,21.331108408715,21.9518466034987,12.0148372847567,12.6679659067507,-0.596875019975915,0.209067892001656,0.0128306837866462,0.000427689459554873,0.0382452217260441,0.00127484072420147,0.0185891881607669,0.000619639605358895,89.1306471804592,2.97102157268197,0.607800910221819,0.0202600303407273,0.62073819478368,0.020691273159456,0.653128621994025,0.0217709540664675,0.80594291197757,0.0268647637325857,-1.75428777325056,2.00270098942831,7,2,1,5,2,0
"Broadleaf evergreen f.","broadleaf","woody","SV-2",5.77297937238531,NA,4.60265313226337,NA,-1.17032624012194,NA,-0.0390108746707314,NA,0.0203524027825163,NA,0.0152962423273174,NA,-0.00505616045519885,NA,-0.000168538681839962,NA,0.271791516437866,0.284622200224512,0.428101830718628,0.466347052444672,0.158407344307616,0.176996532468382,3947.76908013069,4036.89972731115,16.7062984692552,17.3140993794771,21.331108408715,21.9518466034987,12.0148372847567,12.6679659067507,-0.596873758194521,0.209065426686209,0.0128306837866462,0.000427689459554873,0.0382452217260441,0.00127484072420147,0.0185891881607669,0.000619639605358895,89.1306471804592,2.97102157268197,0.607800910221819,0.0202600303407273,0.62073819478368,0.020691273159456,0.653128621994025,0.0217709540664675,0.80593918488073,0.0268646394960243,-1.75428467375572,2.00270195426149,7,2,1,5,2,0
"Broadleaf evergreen f.","broadleaf","woody","Tinamu",3.67374799467787,NA,3.55922431278156,NA,-0.114523681896302,NA,-0.00381745606321006,NA,0.0112830934614068,NA,0.0107883167985102,NA,-0.000494776662896551,NA,-1.6492555429885e-05,NA,0.314915278690764,0.346501918284676,0.516938899866052,0.59546085050534,0.192141205568136,0.212380529871167,6330.74093223873,6063.45669981075,22.1075601526331,22.7677930512961,25.949303048606,26.9198577804795,18.5532516598845,19.0617876031528,-0.263545191542625,-0.142673579841152,0.0315866395939114,0.00105288798646371,0.0785219506392884,0.00261739835464295,0.0202393243030311,0.00067464414343437,-267.284232427982,-8.90947441426606,0.660232898662994,0.0220077632887665,0.970554731873435,0.0323518243957812,0.508535943268257,0.0169511981089419,0.120871611701473,0.00402905372338245,-2.98443301906951,1.98935180691641,7,2,0,4,1,1
"Evergreen conifer f.","conifer","woody","ANDT1",8.06107199777545,NA,5.94015220605245,NA,-2.12091979172299,NA,-0.0706973263907665,NA,0.0302376493519892,NA,0.0210746395758084,NA,-0.00916300977618082,NA,-0.000305433659206027,NA,0.342748933003429,0.435963242682066,0.984749544914318,1.31286466388098,0.0654732781309812,0.0780244890281976,1735.53167505022,1678.57282540403,7.77087142212869,9.00550382868677,26.5082044867459,28.0663559094115,-4.38872261899782,-3.50116691216258,-0.234197396199445,-0.083883017330339,0.0932143096786373,0.00310714365595458,0.328115118966666,0.0109371706322222,0.0125512108972164,0.00041837369657388,-56.9588496461922,-1.89862832153974,1.23463240655807,0.0411544135519357,1.55815142266563,0.051938380755521,0.887555706835239,0.0295851902278413,0.150314378869106,0.00501047929563687,-1.66830879266055,2.52310030686173,4,1,1,6,4,0
"Evergreen conifer f.","conifer","woody","ANDT2",8.69717630971726,NA,6.50420028631646,NA,-2.19297602340081,NA,-0.0730992007800269,NA,0.0329858108108715,NA,0.023511496496973,NA,-0.0094743143138985,NA,-0.00031581047712995,NA,0.342748933003429,0.435963242682066,0.984749544914318,1.31286466388098,0.0654732781309812,0.0780244890281976,1735.53167505022,1678.57282540403,7.77087142212869,9.00550382868677,26.5082044867459,28.0663559094115,-4.38872261899782,-3.50116691216258,-0.234197634623409,-0.0838821967831623,0.0932143096786373,0.00310714365595458,0.328115118966666,0.0109371706322222,0.0125512108972164,0.00041837369657388,-56.9588496461922,-1.89862832153974,1.23463240655807,0.0411544135519357,1.55815142266563,0.051938380755521,0.887555706835239,0.0295851902278413,0.150315437840247,0.00501051459467489,-1.66831114127346,2.52310051540552,4,1,1,6,4,0
"Evergreen conifer f.","conifer","woody","ANDT3",7.43657262667681,NA,5.22154318116516,NA,-2.21502944551165,NA,-0.0738343148503884,NA,0.0275396247190318,NA,0.0179700330055878,NA,-0.00956959171344398,NA,-0.000318986390448133,NA,0.352483799129827,0.441207990301513,1.03042981228774,1.34129763633951,0.0630732887379436,0.074139780809219,1629.87151165078,1571.40776830897,7.60050424293503,8.78275669266217,26.7714031743043,28.2294535594179,-4.94732315120815,-3.97382296957378,-0.211590544467869,-0.112953666578024,0.088724191171686,0.0029574730390562,0.310867824051777,0.0103622608017259,0.0110664920712754,0.000368883069042512,-58.4637433418079,-1.94879144472693,1.18225244972714,0.0394084149909045,1.45805038511359,0.0486016795037862,0.973500181634365,0.0324500060544788,0.0986368778898459,0.00328789592966153,-1.67315205339676,2.57974936943455,4,1,1,6,4,0
"Evergreen conifer f.","conifer","woody","ANDT4",6.71388708075258,NA,5.70159127765624,NA,-1.01229580309634,NA,-0.0337431934365448,NA,0.0244174063549754,NA,0.0200439847968582,NA,-0.00437342155811716,NA,-0.000145780718603905,NA,0.352483799129827,0.441207990301513,1.03042981228774,1.34129763633951,0.0630732887379436,0.074139780809219,1629.87151165078,1571.40776830897,7.60050424293503,8.78275669266217,26.7714031743043,28.2294535594179,-4.94732315120815,-3.97382296957378,-0.211590682039223,-0.112953108145933,0.088724191171686,0.0029574730390562,0.310867824051777,0.0103622608017259,0.0110664920712754,0.000368883069042512,-58.4637433418079,-1.94879144472693,1.18225244972714,0.0394084149909045,1.45805038511359,0.0486016795037862,0.973500181634365,0.0324500060544788,0.09863757389329,0.00328791912977633,-1.67315455751592,2.5797501554135,4,1,1,6,4,0
"Evergreen conifer f.","conifer","woody","ANDT5",7.69785509028978,NA,5.4321004773266,NA,-2.26575461296318,NA,-0.0755251537654393,NA,0.0286684433465789,NA,0.0188797036921941,NA,-0.00978873965438486,NA,-0.000326291321812829,NA,0.342748933003429,0.435963242682066,0.984749544914318,1.31286466388098,0.0654732781309812,0.0780244890281976,1735.53167505022,1678.57282540403,7.77087142212869,9.00550382868677,26.5082044867459,28.0663559094115,-4.38872261899782,-3.50116691216258,-0.234197514542978,-0.0838826100544249,0.0932143096786373,0.00310714365595458,0.328115118966666,0.0109371706322222,0.0125512108972164,0.00041837369657388,-56.9588496461922,-1.89862832153974,1.23463240655807,0.0411544135519357,1.55815142266563,0.051938380755521,0.887555706835239,0.0295851902278413,0.150314904488553,0.0050104968162851,-1.66830995837972,2.52310041035978,4,1,1,6,4,0
"Evergreen conifer f.","conifer","woody","DEJU",5.08283641304527,NA,5.23266602620694,NA,0.149829613161673,NA,0.00499432043872243,NA,0.0173707781552795,NA,0.0180180870330218,NA,0.000647308877742375,NA,2.15769625914125e-05,NA,0.230213287674259,0.266438021562792,0.595871379475904,0.705159076619487,0.0371420035764032,0.0418922303288776,657.583123648369,595.97013305571,-2.49368283416009,-0.79648864901178,18.7079760600945,19.9323003225491,-23.6939418415125,-21.4613686031865,0.362773735806661,-0.00118011595598899,0.0362247338885336,0.00120749112961779,0.109287697143583,0.00364292323811942,0.00475022675247432,0.000158340891749144,-61.6129905926589,-2.05376635308863,1.69719418514831,0.0565731395049438,1.22432426245459,0.0408108087484862,2.23257323832596,0.0744191079441987,-0.36395385176265,-0.012131795058755,-1.94606528582982,2.32518616894198,6,2,1,6,3,0
"Evergreen conifer f.","conifer","woody","NWTT1",7.69352887678362,NA,6.10086932116602,NA,-1.5926595556176,NA,-0.05308865185392,NA,0.0286497528063682,NA,0.0217689857282336,NA,-0.00688076707813467,NA,-0.000229358902604489,NA,0.250577813641559,0.314533262505744,0.567756550922565,0.738572321035675,0.0827858368699325,0.0851087993759879,873.774326461495,744.430334456337,-0.682582393251202,0.320784270006558,18.0897488813044,19.9092684003712,-15.521518888088,-15.3793042585543,0.87415814680321,0.20192205179005,0.0639554488641846,0.00213184829547282,0.170815770113109,0.00569385900377031,0.00232296250605543,7.74320835351811e-05,-129.343992005158,-4.31146640017193,1.00336666325776,0.0334455554419254,1.81951951906684,0.0606506506355615,0.142214629533695,0.00474048765112318,-0.67223609501316,-0.022407869833772,-2.2285436403957,1.41550955075711,3,0,0,5,3,2
"Evergreen conifer f.","conifer","woody","NWTT2",6.99534039758805,NA,6.20320283663314,NA,-0.792137560954912,NA,-0.0264045853651637,NA,0.0256333691196996,NA,0.0222110972151062,NA,-0.00342227190459349,NA,-0.000114075730153116,NA,0.250577813641559,0.314533262505744,0.567756550922565,0.738572321035675,0.0827858368699325,0.0851087993759879,873.774326461495,744.430334456337,-0.682582393251202,0.320784270006558,18.0897488813044,19.9092684003712,-15.521518888088,-15.3793042585543,0.874160350191874,0.201930232683417,0.0639554488641846,0.00213184829547282,0.170815770113109,0.00569385900377031,0.00232296250605543,7.74320835351811e-05,-129.343992005158,-4.31146640017193,1.00336666325776,0.0334455554419254,1.81951951906684,0.0606506506355615,0.142214629533695,0.00474048765112318,-0.672230117508457,-0.0224076705836152,-2.22850835543552,1.41550766534626,3,0,0,5,3,2
"Evergreen conifer f.","conifer","woody","NWTT3",8.56192000551693,NA,6.44246374196202,NA,-2.11945626355491,NA,-0.070648542118497,NA,0.0324014629998348,NA,0.0232447761043985,NA,-0.0091566868954363,NA,-0.000305222896514543,NA,0.250577813641559,0.314533262505744,0.567756550922565,0.738572321035675,0.0827858368699325,0.0851087993759879,873.774326461495,744.430334456337,-0.682582393251202,0.320784270006558,18.0897488813044,19.9092684003712,-15.521518888088,-15.3793042585543,0.874158114079987,0.201921930293416,0.0639554488641846,0.00213184829547282,0.170815770113109,0.00569385900377031,0.00232296250605543,7.74320835351811e-05,-129.343992005158,-4.31146640017193,1.00336666325776,0.0334455554419254,1.81951951906684,0.0606506506355615,0.142214629533695,0.00474048765112318,-0.672236183786571,-0.0224078727928857,-2.22854416441429,1.41550957875801,3,0,0,5,3,2
"Evergreen conifer f.","conifer","woody","NWTT4",7.28105655564653,NA,6.30838432589225,NA,-0.97267222975428,NA,-0.032422407658476,NA,0.0268677486373597,NA,0.0226655128031523,NA,-0.00420223583420743,NA,-0.000140074527806914,NA,0.250577813641559,0.314533262505744,0.567756550922565,0.738572321035675,0.0827858368699325,0.0851087993759879,873.774326461495,744.430334456337,-0.682582393251202,0.320784270006558,18.0897488813044,19.9092684003712,-15.521518888088,-15.3793042585543,0.874160338556691,0.201930189483358,0.0639554488641846,0.00213184829547282,0.170815770113109,0.00569385900377031,0.00232296250605543,7.74320835351811e-05,-129.343992005158,-4.31146640017193,1.00336666325776,0.0334455554419254,1.81951951906684,0.0606506506355615,0.142214629533695,0.00474048765112318,-0.672230149073333,-0.0224076716357778,-2.22850854176412,1.41550767530232,3,0,0,5,3,2
"Evergreen conifer f.","conifer","woody","NWTT5",7.06873665064568,NA,6.19532612606503,NA,-0.87341052458065,NA,-0.0291136841526883,NA,0.0259504629517845,NA,0.0221770674624388,NA,-0.00377339548934577,NA,-0.000125779849644859,NA,0.250577813641559,0.314533262505744,0.567756550922565,0.738572321035675,0.0827858368699325,0.0851087993759879,873.774326461495,744.430334456337,-0.682582393251202,0.320784270006558,18.0897488813044,19.9092684003712,-15.521518888088,-15.3793042585543,0.874159170681957,0.2019258533111,0.0639554488641846,0.00213184829547282,0.170815770113109,0.00569385900377031,0.00232296250605543,7.74320835351811e-05,-129.343992005158,-4.31146640017193,1.00336666325776,0.0334455554419254,1.81951951906684,0.0606506506355615,0.142214629533695,0.00474048765112318,-0.672233317370857,-0.0224077772456952,-2.22852724420779,1.41550867463632,3,0,0,5,3,2
"Evergreen conifer f.","conifer","woody","SkiValley",6.67891298574649,NA,5.83656511212798,NA,-0.842347873618508,NA,-0.0280782624539503,NA,0.0242663077723206,NA,0.0206271122539265,NA,-0.00363919551839406,NA,-0.000121306517279802,NA,1.15374321644926,1.33322075422831,2.51944106389197,2.76852805428944,0.346901020774831,0.429937890443962,607.6974850562,461.876880739507,15.4415336433021,16.7255580540928,31.6043137068092,33.1227188055159,0.407461873346153,1.06214435149094,0.776829670900921,-0.232051010572368,0.179477537779045,0.00598258459263482,0.24908699039747,0.00830289967991565,0.0830368696691305,0.00276789565563768,-145.820604316692,-4.86068681055641,1.28402441079069,0.0428008136930231,1.51840509870668,0.0506135032902227,0.654682478144788,0.0218227492714929,-1.00888068147329,-0.0336293560491097,-2.19671372174041,1.48958155955598,3,0,0,4,4,1
"Evergreen conifer f.","conifer","woody","SNP1",7.89927724083529,NA,5.79165186852473,NA,-2.10762537231056,NA,-0.0702541790770188,NA,0.0295386474635807,NA,0.0204330735675874,NA,-0.00910557389599332,NA,-0.000303519129866444,NA,0.642824703896045,0.844927126338986,1.58898479034621,1.96887055148965,0.174511704193553,0.188298914592888,1037.4889311072,1003.41000057665,10.8660919301258,12.1158526964293,28.5963562426515,30.2047240586156,-2.32551268763139,-2.06286370546689,0.392686780640083,-0.35409851419233,0.202102422442942,0.00673674741476473,0.379885761143436,0.0126628587047812,0.0137872103993351,0.000459573679977838,-34.0789305305408,-1.13596435101803,1.24976076630342,0.0416586922101142,1.60836781596409,0.0536122605321362,0.262648982164501,0.00875496607215003,-0.746785294832413,-0.0248928431610804,-1.6649640817882,2.04460740978575,3,2,1,7,2,0
"Evergreen conifer f.","conifer","woody","SNP3",3.62102251524776,NA,3.53963379075131,NA,-0.081388724496454,NA,-0.00271295748321513,NA,0.0110553035726249,NA,0.0107036798661829,NA,-0.000351623706441999,NA,-1.17207902147333e-05,NA,0.410417212359048,0.5211034609626,0.990622555782742,1.19720263367932,0.118584107083399,0.126822916050874,1088.33303980208,1039.01594916405,5.82962813433778,6.71764928687715,23.0868795380228,24.0606070526844,-7.202876111892,-7.32315230681855,0.335631541339523,-0.297737217060018,0.110686248603552,0.00368954162011841,0.206580077896578,0.00688600259655258,0.00823880896747539,0.000274626965582513,-49.3170906380283,-1.64390302126761,0.888021152539373,0.0296007050846458,0.973727514661554,0.0324575838220518,-0.12027619492655,-0.00400920649755167,-0.63336875839954,-0.0211122919466513,-1.79530611838864,2.19462423807965,3,2,1,6,1,0
"Evergreen conifer f.","conifer","woody","SNP4",7.96959213213393,NA,5.92362705345144,NA,-2.04596507868249,NA,-0.0681988359560831,NA,0.0298424288884582,NA,0.0210032459590262,NA,-0.00883918292943198,NA,-0.000294639430981066,NA,0.408622867288278,0.510464355737819,0.972261044863878,1.17186529448871,0.125986519602992,0.132251504268782,1045.4596441148,973.913626137871,4.97620432545307,5.76549145168621,21.7334873020492,22.7470454606854,-7.71209591641184,-8.13189281120996,0.347711850083683,-0.299295598985435,0.101841488449541,0.00339471628165136,0.199604249624832,0.0066534749874944,0.00626498466579001,0.000208832822193,-71.5460179769331,-2.38486726589777,0.789287126233147,0.0263095708744382,1.01355815863617,0.0337852719545391,-0.419796894798121,-0.013993229826604,-0.647007449069118,-0.0215669149689706,-1.85655091224727,2.22075846770648,4,2,1,6,2,0
"Evergreen conifer f.","conifer","woody","SNP5",6.14540093006532,NA,4.56249223897529,NA,-1.58290869109003,NA,-0.0527636230363344,NA,0.0219613756381612,NA,0.0151227352200449,NA,-0.00683864041811628,NA,-0.000227954680603876,NA,0.501709460773628,0.653059210729164,1.22407492761805,1.50217840103879,0.136421491144173,0.145550692902312,1064.90363656089,1013.47608457964,8.44437607863412,9.4963247484468,25.7213032473294,26.9419245271495,-4.5668835907134,-4.6827593772428,0.360703204380797,-0.340094842467861,0.151349749955536,0.00504499166518454,0.278103473420737,0.00927011578069124,0.00912920175813886,0.000304306725271295,-51.4275519812526,-1.71425173270842,1.05194866981267,0.0350649556604225,1.2206212798201,0.0406873759940035,-0.115875786529398,-0.0038625262176466,-0.700798046848658,-0.0233599348949553,-1.74746370593205,2.15774456898678,3,2,1,6,1,0
"Evergreen conifer f.","conifer","woody","SOAP",4.97501492893578,NA,4.25884702841552,NA,-0.716167900520256,NA,-0.0238722633506752,NA,0.0169049569974812,NA,0.0138108968168636,NA,-0.00309406018061766,NA,-0.000103135339353922,NA,0.732160272287257,0.987795802312229,1.84681450383422,2.35699962057611,0.169554303489137,0.192007472089314,1047.40062597498,1046.23489933241,12.9243503833464,14.4265491506518,30.9840818125107,33.0673100053247,-0.624674831886668,-0.402248758433621,0.347085351349571,-0.328232741074949,0.255635530024972,0.00852118433416575,0.510185116741896,0.0170061705580632,0.0224531686001769,0.000748438953339231,-1.16572664257296,-0.0388575547524321,1.50219876730536,0.050073292243512,2.08322819281398,0.0694409397604659,0.222426073453047,0.0074142024484349,-0.67531809242452,-0.0225106030808173,-1.67036104354639,1.86450108439604,4,2,0,8,3,0
"Evergreen conifer f.","conifer","woody","TALL",3.89884257862009,NA,4.00442657982166,NA,0.105584001201566,NA,0.00351946670671888,NA,0.0122555695924124,NA,0.0127117241528035,NA,0.000456154560391128,NA,1.52051520130376e-05,NA,0.692066532366439,0.772874478064744,1.31481811564373,1.33331936319062,0.283695695647396,0.307579563140466,1245.04509229861,1304.81761812401,17.6413878215306,18.9141021435424,33.0685485418365,33.5517443691064,1.41643491909612,2.982817925769,0.153609854588983,0.160951050602846,0.0808079456983043,0.00269359818994348,0.0185012475468866,0.000616708251562888,0.02388386749307,0.000796128916435666,59.7725258253961,1.9924175275132,1.27271432201177,0.0424238107337256,0.483195827269924,0.0161065275756641,1.56638300667288,0.0522127668890959,0.00734119601386332,0.000244706533795444,-2.19720722721943,2.07378910617718,7,2,1,6,2,2
"Evergreen conifer f.","conifer","woody","WG-1",7.06423772817462,NA,6.50624151191643,NA,-0.557996216258186,NA,-0.0185998738752729,NA,0.0259310262570328,NA,0.0235203152039326,NA,-0.0024107110531002,NA,-8.03570351033399e-05,NA,0.27019005837679,0.356371340575687,0.637930214018008,0.841078200850438,0.0770554890556935,0.0825661671262454,887.281959212858,706.656413796203,-0.621929435530648,0.631881250098635,18.4494794811781,20.0703846651057,-16.236950319869,-15.5555840261054,0.696972946402716,-0.142566891558124,0.0861812821988977,0.00287270940662992,0.203147986832431,0.00677159956108102,0.00551067807055189,0.000183689269018396,-180.625545416655,-6.02085151388848,1.25381068562928,0.0417936895209761,1.62090518392764,0.0540301727975881,0.681366293763558,0.0227122097921186,-0.83953983796084,-0.0279846612653613,-3.78626644931954,1.37400828572467,3,0,0,6,3,1
"Evergreen conifer f.","conifer","woody","WG-4",5.31948125781569,NA,5.41912446033491,NA,0.099643202519224,NA,0.00332144008397413,NA,0.0183931548781411,NA,0.0188236434059849,NA,0.000430488527843845,NA,1.43496175947948e-05,NA,0.232092789059739,0.303963724676006,0.535225846278266,0.706155378845714,0.0716212265185956,0.0764169628704597,931.833970185171,735.744649023482,-2.46191868905886,-1.24935905677069,16.3068626382347,17.882476044135,-17.2348224412707,-16.8422678840786,0.704451299020633,-0.118009608666336,0.0718709356162667,0.00239569785387556,0.170929532567448,0.0056976510855816,0.00479573635186407,0.000159857878395469,-196.089321161689,-6.53631070538963,1.21255963228817,0.0404186544096055,1.57561340590025,0.0525204468633416,0.392554557192096,0.0130851519064032,-0.822460907686969,-0.0274153635895656,-4.11512168517745,1.4010413541513,3,0,0,6,3,1
"Evergreen conifer f.","conifer","woody","WREF",5.70150697999798,NA,4.7161947454634,NA,-0.985312234534582,NA,-0.0328437411511527,NA,0.0200436206056853,NA,0.0157867761588255,NA,-0.00425684444685977,NA,-0.000141894814895326,NA,0.323473740744119,0.373224003580251,0.933193944739054,1.10962174685268,0.0537411722706809,0.052678836136404,2000.89424847964,2091.82705717306,7.82490781844191,8.78502453360034,26.1721734352651,27.6407299202933,-4.21696365911057,-3.17911488849114,-0.323716853622638,0.273940782607989,0.0497502628361322,0.00165834209453774,0.176427802113629,0.00588092673712098,-0.00106233613427698,-3.54112044758992e-05,90.9328086934238,3.03109362311413,0.960116715158431,0.032003890505281,1.46855648502813,0.0489518828342709,1.03784877061943,0.0345949590206477,0.597657636230627,0.0199219212076876,-1.8067833483133,1.85693038174953,8,2,0,7,3,0
"Evergreen conifer f.","mixed","woody","BONA",3.57340250733358,NA,4.09092224770432,NA,0.517519740370734,NA,0.0172506580123578,NA,0.0108495708524333,NA,0.013085411386757,NA,0.00223584053432371,NA,7.45280178107903e-05,NA,0.206443196642341,0.236116896997424,0.590219650855848,0.675692880310733,0.0308900924277515,0.0398748536143273,512.275290022984,581.964118842072,-3.46555554246295,-1.35093669986624,18.7955878798794,19.9111842798496,-24.4771073356322,-20.7952575229388,0.329938044511175,0.380823791846358,0.0296737003550832,0.000989123345169439,0.0854732294548858,0.00284910764849619,0.00898476118657583,0.000299492039552528,69.6888288190877,2.32296096063626,2.11461884259671,0.0704872947532237,1.11559639997025,0.037186546665675,3.68184981269336,0.122728327089779,0.050885747335183,0.00169619157783943,-1.77671831544045,1.98071980265492,7,2,0,7,3,0
"Grassland","grass","nonWoody","Ba",3.62629936395369,NA,3.53879539476446,NA,-0.0875039691892323,NA,-0.00291679897297441,NA,0.0110781011420891,NA,0.0107000577440009,NA,-0.000378043398088238,NA,-1.26014466029413e-05,NA,0.232092789059739,0.303963724676006,0.535225846278266,0.706155378845714,0.0716212265185956,0.0764169628704597,931.833970185171,735.744649023482,-2.46191868905886,-1.24935905677069,16.3068626382347,17.882476044135,-17.2348224412707,-16.8422678840786,0.704446211804237,-0.117978196541432,0.0718709356162667,0.00239569785387556,0.170929532567448,0.0056976510855816,0.00479573635186407,0.000159857878395469,-196.089321161689,-6.53631070538963,1.21255963228817,0.0404186544096055,1.57561340590025,0.0525204468633416,0.392554557192096,0.0130851519064032,-0.822424408345669,-0.0274141469448556,-4.11511738392432,1.4010355903988,3,0,0,6,3,1
"Grassland","grass","nonWoody","CBT",3.62663938038146,NA,3.9337957307959,NA,0.307156350414433,NA,0.0102385450138144,NA,0.0110795701150621,NA,0.0124065776957575,NA,0.00132700758069547,NA,4.42335860231822e-05,NA,0.27019005837679,0.356371340575687,0.637930214018008,0.841078200850438,0.0770554890556935,0.0825661671262454,887.281959212858,706.656413796203,-0.621929435530648,0.631881250098635,18.4494794811781,20.0703846651057,-16.236950319869,-15.5555840261054,0.697000330831121,-0.142707376149689,0.0861812821988977,0.00287270940662992,0.203147986832431,0.00677159956108102,0.00551067807055189,0.000183689269018396,-180.625545416655,-6.02085151388848,1.25381068562928,0.0417936895209761,1.62090518392764,0.0540301727975881,0.681366293763558,0.0227122097921186,-0.83970770698081,-0.0279902568993603,-3.78631715246221,1.37404600065519,3,0,0,6,3,1
"Grassland","grass","nonWoody","Cin",3.71341600635543,NA,3.41092691448361,NA,-0.302489091871819,NA,-0.0100829697290606,NA,0.0114544711722573,NA,0.0101476275486435,NA,-0.00130684362361381,NA,-4.35614541204604e-05,NA,0.254037538985643,0.334728284593787,0.602668840237475,0.789954822955408,0.0742025754944961,0.0786046069651141,966.218848098432,759.745429977529,-1.40911953936342,-0.195569683267267,17.6819325091918,19.2979370973113,-16.8576638990654,-16.5269221437437,0.714594246441792,-0.185102642588072,0.0806907456081447,0.00268969152027149,0.187285982717933,0.00624286609059776,0.00440203147061802,0.000146734382353934,-206.473418120903,-6.88244727069676,1.21354985609615,0.0404516618698716,1.61600458811951,0.0538668196039837,0.330741755321682,0.0110247251773894,-0.899696889029863,-0.0299898963009954,-4.17452330256068,1.40424602959601,3,0,0,6,3,1
"Grassland","grass","nonWoody","DCFS",3.30589254227898,NA,3.22885229783633,NA,-0.077040244442645,NA,-0.00256800814808817,NA,0.00969384755040787,NA,0.0093610105823423,NA,-0.000332836968065568,NA,-1.10945656021856e-05,NA,0.441086689206927,0.404234659325627,1.1063414820014,0.908249626724307,0.041853068944481,0.0475523602591282,563.352123782415,680.339601227148,5.15244333714482,5.44975349296145,27.9978622583751,27.0136418370164,-18.3263106786954,-17.656954887202,-0.140052375560925,0.246972175841727,-0.0368520298812994,-0.00122840099604331,-0.198091855277089,-0.00660306184256963,0.00569929131464723,0.000189976377154908,116.987477444733,3.89958258149111,0.297310155816635,0.00991033852722116,-0.984220421358675,-0.0328073473786225,0.669355791493398,0.0223118597164466,0.387024551402652,0.0129008183800884,-1.97450842343228,1.61198034461532,5,2,0,7,2,0
"Grassland","grass","nonWoody","KONZ",3.31487708409729,NA,2.97856515478665,NA,-0.336311929310638,NA,-0.0112103976436879,NA,0.00973266346642551,NA,0.00827969503822476,NA,-0.00145296842820075,NA,-4.8432280940025e-05,NA,0.61779662973367,0.684223516074605,1.41221634208976,1.4714387832802,0.129715434539852,0.198539382084223,978.229834959905,994.981558604257,12.5525292093791,13.7022301825558,32.1877788005477,32.6259357446987,-7.59369425336386,-5.16969416130422,0.38701070353093,0.227951517784661,0.066426886340935,0.00221422954469783,0.0592224411904312,0.00197408137301437,0.0688239475443703,0.00229413158481234,16.7517236443528,0.558390788145092,1.14970097317665,0.0383233657725549,0.43815694415094,0.014605231471698,2.42400009205964,0.0808000030686546,-0.15905918574627,-0.00530197285820899,-1.63060151690447,1.90514801170899,5,3,0,7,2,0
"Grassland","grass","nonWoody","OAES",4.32231166000668,NA,3.95597684484872,NA,-0.366334815157961,NA,-0.0122111605052654,NA,0.0140850830647269,NA,0.0125024067627999,NA,-0.00158267630192693,NA,-5.27558767308978e-05,NA,0.864301871697596,0.935757223279087,2.043026528187,1.9179139154356,0.214231700167415,0.323429248732272,884.112633657043,744.270933117231,15.5876590201207,16.5799814557785,34.5728397455773,34.7819971219652,-2.989775805904,-0.734721152274425,0.49724873479716,-0.306958202437811,0.0714553515814906,0.00238184505271635,-0.125112612751398,-0.0041704204250466,0.109197548564857,0.00363991828549523,-139.841700539812,-4.66139001799374,0.992322435657814,0.0330774145219271,0.209157376387864,0.00697191254626214,2.25505465362958,0.0751684884543193,-0.804206937234971,-0.0268068979078324,-1.66067020503685,1.41794682029226,5,0,0,6,2,0
"Grassland","grass","nonWoody","PBM",3.01063467074267,NA,3.02740407067414,NA,0.0167693999314666,NA,0.000558979997715555,NA,0.00841824496800958,NA,0.00849069380653348,NA,7.24488385239041e-05,NA,2.41496128413014e-06,NA,0.232092789059739,0.303963724676006,0.535225846278266,0.706155378845714,0.0716212265185956,0.0764169628704597,931.833970185171,735.744649023482,-2.46191868905886,-1.24935905677069,16.3068626382347,17.882476044135,-17.2348224412707,-16.8422678840786,0.704448549752741,-0.117992632703817,0.0718709356162667,0.00239569785387556,0.170929532567448,0.0056976510855816,0.00479573635186407,0.000159857878395469,-196.089321161689,-6.53631070538963,1.21255963228817,0.0404186544096055,1.57561340590025,0.0525204468633416,0.392554557192096,0.0130851519064032,-0.822441182456558,-0.0274147060818853,-4.11511936233392,1.40103823923408,3,0,0,6,3,1
"Grassland","grass","nonWoody","Pf",3.35716706582451,NA,3.30104582167314,NA,-0.0561212441513685,NA,-0.00187070813837895,NA,0.00991536887448163,NA,0.00967290826337447,NA,-0.00024246061110716,NA,-8.08202037023865e-06,NA,0.232092789059739,0.303963724676006,0.535225846278266,0.706155378845714,0.0716212265185956,0.0764169628704597,931.833970185171,735.744649023482,-2.46191868905886,-1.24935905677069,16.3068626382347,17.882476044135,-17.2348224412707,-16.8422678840786,0.704455336178323,-0.118034537029407,0.0718709356162667,0.00239569785387556,0.170929532567448,0.0056976510855816,0.00479573635186407,0.000159857878395469,-196.089321161689,-6.53631070538963,1.21255963228817,0.0404186544096055,1.57561340590025,0.0525204468633416,0.392554557192096,0.0130851519064032,-0.82248987320773,-0.0274163291069243,-4.11512508903985,1.40104592837876,3,0,0,6,3,1
"Grassland","grass","nonWoody","PfEnq",2.64387407353023,NA,2.61014735425137,NA,-0.0337267192788655,NA,-0.00112422397596218,NA,0.00683372915987267,NA,0.00668801961457218,NA,-0.000145709545300483,NA,-4.85698484334942e-06,NA,0.232092789059739,0.303963724676006,0.535225846278266,0.706155378845714,0.0716212265185956,0.0764169628704597,931.833970185171,735.744649023482,-2.46191868905886,-1.24935905677069,16.3068626382347,17.882476044135,-17.2348224412707,-16.8422678840786,0.704452767761841,-0.118018677742785,0.0718709356162667,0.00239569785387556,0.170929532567448,0.0056976510855816,0.00479573635186407,0.000159857878395469,-196.089321161689,-6.53631070538963,1.21255963228817,0.0404186544096055,1.57561340590025,0.0525204468633416,0.392554557192096,0.0130851519064032,-0.822471445504625,-0.0274157148501542,-4.11512292450161,1.40104301826333,3,0,0,6,3,1
"Grassland","grass","nonWoody","PH",3.38810230993289,NA,3.42344832634342,NA,0.0353460164105308,NA,0.00117820054701769,NA,0.0100490184096031,NA,0.0102017238043015,NA,0.000152705394698416,NA,5.09017982328053e-06,NA,0.265703009748386,0.34896708704442,0.622184008301057,0.815943082024156,0.0765554878586546,0.0826406200504187,841.913712195009,674.081123031325,-0.903893680772557,0.35441439076232,18.1692108878145,19.8066488952482,-16.4067150167859,-15.5915956145914,0.688051587654836,-0.0757544911540296,0.0832640772960342,0.00277546924320114,0.1937590737231,0.00645863579076999,0.0060851321917641,0.00020283773972547,-167.832589163685,-5.59441963878949,1.25830807153488,0.0419436023844959,1.63743800743368,0.054581266914456,0.815119402194469,0.0271706467398156,-0.763806078808865,-0.0254602026269622,-3.64693246839763,1.3690236171839,3,0,0,6,2,1
"Grassland","grass","nonWoody","Rd",3.16037218105234,NA,3.46606157869785,NA,0.305689397645507,NA,0.0101896465881836,NA,0.00906515593380043,NA,0.0103858258384483,NA,0.00132066990464787,NA,4.40223301549289e-05,NA,0.27019005837679,0.356371340575687,0.637930214018008,0.841078200850438,0.0770554890556935,0.0825661671262454,887.281959212858,706.656413796203,-0.621929435530648,0.631881250098635,18.4494794811781,20.0703846651057,-16.236950319869,-15.5555840261054,0.696992035063268,-0.142664820787804,0.0861812821988977,0.00287270940662992,0.203147986832431,0.00677159956108102,0.00551067807055189,0.000183689269018396,-180.625545416655,-6.02085151388848,1.25381068562928,0.0417936895209761,1.62090518392764,0.0540301727975881,0.681366293763558,0.0227122097921186,-0.839656855851072,-0.0279885618617024,-3.78630182358663,1.3740345747741,3,0,0,6,3,1
"Grassland","grass","nonWoody","UM",3.03922234744945,NA,3.2493333106212,NA,0.210110963171748,NA,0.0070036987723916,NA,0.00854175230768587,NA,0.00944949470187678,NA,0.000907742394190917,NA,3.02580798063639e-05,NA,0.27019005837679,0.356371340575687,0.637930214018008,0.841078200850438,0.0770554890556935,0.0825661671262454,887.281959212858,706.656413796203,-0.621929435530648,0.631881250098635,18.4494794811781,20.0703846651057,-16.236950319869,-15.5555840261054,0.69697207246981,-0.142562407786133,0.0861812821988977,0.00287270940662992,0.203147986832431,0.00677159956108102,0.00551067807055189,0.000183689269018396,-180.625545416655,-6.02085151388848,1.25381068562928,0.0417936895209761,1.62090518392764,0.0540301727975881,0.681366293763558,0.0227122097921186,-0.839534480255942,-0.0279844826751981,-3.78626482636889,1.37400708220564,3,0,0,6,3,1
"Grassland","grass","nonWoody","WOOD",3.61608825143162,NA,3.36354699053433,NA,-0.252541260897297,NA,-0.00841804202990989,NA,0.01103398607266,NA,0.00994293206320544,NA,-0.0010910540094546,NA,-3.63684669818199e-05,NA,0.437802887651414,0.40039219641969,1.10241457464838,0.901911741988098,0.0412313874003994,0.0475768636850263,564.498768049255,676.643623806413,5.12525009804381,5.40736040734241,27.9274106008405,26.8993799537474,-18.1687430575755,-17.5934396849674,-0.152008394986806,0.260343552839991,-0.0374106912317241,-0.00124702304105747,-0.200502832660286,-0.00668342775534288,0.00634547628462689,0.00021151587615423,112.144855757158,3.73816185857194,0.282110309298595,0.00940367697661984,-1.02803064709311,-0.034267688236437,0.575303372608015,0.0191767790869338,0.412351947826796,0.0137450649275599,-1.94031507177061,1.6335771039027,6,2,0,8,2,0
"Mixed f.","broadleaf","woody","DELA",3.17216884431964,NA,2.93479685665803,NA,-0.23737198766161,NA,-0.00791239958872034,NA,0.00911612105811416,NA,0.00809060285981971,NA,-0.00102551819829445,NA,-3.41839399431483e-05,NA,0.722051062762104,0.789360627579477,1.35389717811604,1.39552368752938,0.287332054021119,0.307311361960366,1195.54074634184,1262.36220685084,18.2409409548989,19.4484663884381,33.5678495332929,34.1176961808657,1.71452798789886,3.31006770083936,0.0821205052283255,0.304836927847007,0.0673095648173723,0.00224365216057908,0.0416265094133352,0.00138755031377784,0.0199793079392474,0.000665976931308247,66.8214605090093,2.22738201696698,1.20752543353921,0.0402508477846403,0.549846647572878,0.0183282215857626,1.59553971294051,0.0531846570980169,0.222716422618681,0.00742388075395604,-1.95612953110317,2.23386188680431,6,2,1,7,1,0
"Mixed f.","broadleaf","woody","ElCujete",NA,NA,3.77536502920445,NA,NA,NA,NA,NA,NA,NA,0.011722109535672,NA,NA,NA,NA,NA,0.512101847469505,0.571051499272439,0.763306795373591,0.853033219805303,0.267154523954332,0.360755344029916,1279.14750627305,1125.60165992347,19.1028881803048,19.747506121413,27.6909961049103,28.3225172780168,9.33844339446298,9.71044336059801,-0.0455769365195399,0.325334257880419,0.0589496518029342,0.00196498839343114,0.0897264244317122,0.00299088081439041,0.0936008200755842,0.00312002733585281,-153.545846349578,-5.11819487831926,0.644617941108205,0.0214872647036068,0.631521173106499,0.0210507057702166,0.371999966135025,0.0123999988711675,0.370911194399959,0.0123637064799986,-3.12585664832241,1.87130278030996,6,3,0,3,1,1
"Mixed f.","broadleaf","woody","HFRT3",2.57690178275637,NA,2.79411967950051,NA,0.217217896744136,NA,0.00724059655813785,NA,0.00654438877204236,NA,0.00748283525134605,NA,0.000938446479303694,NA,3.12815493101231e-05,NA,0.395527216005505,0.435162263952418,0.872211163736051,0.976760273435172,0.103998179566918,0.128116444841204,1122.73725747283,1144.18479096924,8.135072672429,8.96816821882807,26.7649060109352,27.7354061732493,-11.5299795557369,-9.26952304079286,-0.0636773700034378,0.218989351506722,0.0396350479469127,0.00132116826489709,0.104549109699121,0.00348497032330404,0.0241182652742862,0.000803942175809539,21.4475334964081,0.714917783213605,0.833095546399068,0.0277698515466356,0.97050016231406,0.0323500054104687,2.26045651494401,0.0753485504981337,0.28266672151016,0.00942222405033866,-2.30389120544954,2.41612680507373,4,1,1,5,2,1
"Mixed f.","broadleaf","woody","HFRT4",2.49686223363555,NA,2.60233435790482,NA,0.105472124269263,NA,0.0035157374756421,NA,0.00619859390797567,NA,0.00665426512645619,NA,0.000455671218480513,NA,1.51890406160171e-05,NA,0.395527216005505,0.435162263952418,0.872211163736051,0.976760273435172,0.103998179566918,0.128116444841204,1122.73725747283,1144.18479096924,8.135072672429,8.96816821882807,26.7649060109352,27.7354061732493,-11.5299795557369,-9.26952304079286,-0.0636816852658314,0.218993961008377,0.0396350479469127,0.00132116826489709,0.104549109699121,0.00348497032330404,0.0241182652742862,0.000803942175809539,21.4475334964081,0.714917783213605,0.833095546399068,0.0277698515466356,0.97050016231406,0.0323500054104687,2.26045651494401,0.0753485504981337,0.282675646274208,0.00942252154247361,-2.30388909052745,2.41612301575197,4,1,1,5,2,1
"Mixed f.","broadleaf","woody","LENO",3.77682009422251,NA,3.07418315365883,NA,-0.702636940563683,NA,-0.0234212313521228,NA,0.0117283958530695,NA,0.00869279347875223,NA,-0.00303560237431728,NA,-0.000101186745810576,NA,0.710242163615067,0.780800998848536,1.27245229785883,1.38681029997299,0.311726405885104,0.338244588152058,1230.47711647023,1297.18842621532,18.624904508236,19.8267161025948,33.5029390771732,34.0510447822522,2.75945975014509,4.26441448731573,0.106849441133285,0.331171240059559,0.0705588352334685,0.00235196117444895,0.114358002114151,0.00381193340380505,0.026518182266954,0.000883939408898465,66.7113097450951,2.2237103248365,1.20181159435879,0.0400603864786265,0.548105705078996,0.0182701901692999,1.50495473717064,0.050165157905688,0.224321798926274,0.00747739329754246,-1.54702396940887,2.10322425212552,6,2,1,6,1,0
"Mixed f.","broadleaf","woody","ORNL",3.12335267923335,NA,2.86891051128767,NA,-0.254442167945684,NA,-0.00848140559818946,NA,0.00890522058009186,NA,0.00780595408191612,NA,-0.00109926649817574,NA,-3.66422166058579e-05,NA,0.48605999160272,0.569331359306129,0.849290354103232,1.06340127867612,0.187909647906571,0.233697515159075,1277.64002424305,1532.43992090868,14.112770319766,15.5605236511252,30.0242225747369,30.7531821835128,-3.09080082512074,-1.2988071204408,-0.0291484460710645,0.670673220346742,0.0832713677034088,0.00277571225678029,0.214110924572888,0.00713703081909626,0.0457878672525044,0.00152626224175015,254.799896665626,8.49332988885419,1.44775333135922,0.0482584443786407,0.728959608775838,0.0242986536258613,1.79199370467994,0.0597331234893314,0.699821666417807,0.0233273888805936,-1.96782854444744,2.17483666106282,6,3,1,5,3,0
"Mixed f.","broadleaf","woody","SanJose",4.10730992305463,NA,3.2522275942706,NA,-0.855082328784027,NA,-0.0285027442928009,NA,0.0131562110605729,NA,0.00946199887552728,NA,-0.00369421218504562,NA,-0.000123140406168187,NA,0.640176479510075,0.725758276561805,0.938709295612155,1.05449806226658,0.345952123993503,0.474211117687466,1127.28117359434,968.901232458516,20.3982113057071,21.1169300858881,29.3719451184495,30.2584166314766,10.2859876473399,10.6834715162494,-0.0744396632997582,0.293169222557667,0.0855817970517304,0.00285272656839101,0.115788766654421,0.00385962555514736,0.128258993693963,0.00427529978979875,-158.379941135823,-5.2793313711941,0.71871878018101,0.0239572926727003,0.886471513027121,0.0295490504342374,0.39748386890952,0.013249462296984,0.367608885857426,0.0122536295285809,-3.01872537988941,1.87626850615905,7,3,0,4,1,1
"Mixed f.","broadleaf","woody","SNP2",7.59747372905845,NA,5.89329701976602,NA,-1.70417670929244,NA,-0.0568058903097479,NA,0.0282347657516512,NA,0.0208722111144951,NA,-0.0073625546371561,NA,-0.000245418487905203,NA,0.632067725053117,0.837818773843121,1.55529683636519,1.93340337053394,0.169277684246473,0.182645339110913,1026.38307768705,973.215432878742,11.202835642818,12.4439274753666,28.6814190500873,30.2189289911615,-1.97114115279084,-1.85359300836105,0.390549707690768,-0.386080670167539,0.205751048790004,0.00685836829300012,0.378106534168743,0.0126035511389581,0.0133676548644407,0.000445588495481356,-53.1676448083131,-1.77225482694377,1.24109183254856,0.0413697277516187,1.53750994107413,0.0512503313691376,0.117548144429786,0.00391827148099286,-0.776630377858308,-0.0258876792619436,-1.68469480592439,2.10887637876837,3,2,1,7,2,0
"Mixed f.","broadleaf","woody","SNP7",4.87850732200051,NA,4.53706323396,NA,-0.341444088040509,NA,-0.0113814696013503,NA,0.0164880151832388,NA,0.0150128742896774,NA,-0.00147514089356144,NA,-4.91713631187147e-05,NA,0.600102762172604,0.800712032832188,1.46078450112409,1.83594679432941,0.159895371569337,0.169802274742526,1018.98039769689,941.215201638926,11.3792895021731,12.5862954981489,28.7254921509014,30.1733585076313,-2.01933280860132,-2.03957931092672,0.381104863492857,-0.397303123333074,0.200609270659584,0.0066869756886528,0.375162293205318,0.0125054097735106,0.00990690317318815,0.000330230105772938,-77.7651960579666,-2.59217320193222,1.20700599597583,0.0402335331991942,1.4478663567299,0.0482622118909968,-0.0202465023253962,-0.000674883410846538,-0.778407986825932,-0.0259469328941977,-1.74765910106624,2.17406320236555,3,2,1,7,2,0
"Mixed f.","broadleaf","woody","STEI",2.85748559120816,NA,2.80507147413186,NA,-0.0524141170762986,NA,-0.00174713723587662,NA,0.0077565949996966,NA,0.00753015028969187,NA,-0.00022644471000473,NA,-7.54815700015768e-06,NA,0.347674300350584,0.334837266471434,0.786353179120902,0.705697311808567,0.0532913834265958,0.0603658835971681,924.017745580838,1027.93482054037,5.25084301514126,5.8106247984335,25.5186051848124,25.1494317068834,-16.9821669225266,-15.5091423725117,0.487366542206104,0.951857741781091,-0.0128370338791494,-0.000427901129304979,-0.0806558673123352,-0.00268852891041117,0.00707450017057226,0.000235816672352408,103.917074959535,3.46390249865118,0.559781783292239,0.018659392776408,-0.369173477929003,-0.0123057825976334,1.47302455001493,0.0491008183338311,0.464491199574987,0.0154830399858329,-2.11354716730145,1.5672640573533,5,2,0,5,2,1
"Mixed f.","broadleaf","woody","UKFS",3.04061008360959,NA,2.94218471524952,NA,-0.0984253683600724,NA,-0.00328084561200241,NA,0.00854774774421852,NA,0.0081225206252925,NA,-0.00042522711892602,NA,-1.4174237297534e-05,NA,0.587732978845587,0.609880918461251,1.32048941128709,1.23682140405034,0.133892087959407,0.192611224471435,1125.76237645599,1121.38633147235,12.7293150859462,13.7366371032198,31.8471752920356,31.6409891595205,-7.42335250899257,-4.8808103970537,0.519501754424858,0.0675704792085148,0.0221479396156647,0.000738264653855492,-0.0836680072367506,-0.00278893357455835,0.0587191365120277,0.00195730455040092,-4.37604498363521,-0.145868166121174,1.00732201727355,0.0335774005757851,-0.206186132515121,-0.00687287108383738,2.54254211193887,0.0847514037312958,-0.451931275216343,-0.0150643758405448,-1.73487273733146,1.79194808336425,5,1,0,7,3,0
"Mixed f.","conifer","woody","AlmontCO",7.47397765071474,NA,5.95568378809899,NA,-1.51829386261575,NA,-0.0506097954205249,NA,0.0277012256443829,NA,0.0211417406697241,NA,-0.00655948497465882,NA,-0.000218649499155294,NA,0.321108605611991,0.42435564182627,0.771907887561338,1.0430251355441,0.0743683229569258,0.0778157368687559,641.91110647307,517.079526376729,0.495366239389724,1.75045630715322,20.7321653369854,22.4477576430855,-19.1498222064362,-17.5917489676963,0.729239026111718,-0.1059731586576,0.103247036214279,0.00344156787380931,0.271117247982765,0.00903724159942549,0.00344741391183015,0.000114913797061005,-124.83158009634,-4.16105266987801,1.25509006776349,0.0418363355921164,1.71559230610007,0.0571864102033356,1.55807323873996,0.0519357746246655,-0.835212184769318,-0.0278404061589773,-3.51730956522072,1.32794646749232,2,0,0,6,2,1
"Mixed f.","conifer","woody","BIGBAS1",10.5627342920984,NA,6.2841551810602,NA,-4.27857911103824,NA,-0.142619303701275,NA,0.0410455809621529,NA,0.0225608356287344,NA,-0.0184847453334185,NA,-0.000616158177780616,NA,0.383583811914546,0.422494443099868,0.649866650801452,0.744342092046925,0.197645659550889,0.18678363058819,662.751842145788,683.712214393653,12.7628708922267,13.5083192966726,23.4348863637967,23.9221494892671,5.57754690009223,6.36313156502151,0.205026577428902,-0.170839077884468,0.0389106311853218,0.00129702103951073,0.094475441245473,0.0031491813748491,-0.010862028962699,-0.000362067632089968,20.9603722478652,0.698679074928839,0.745448404445975,0.0248482801481992,0.487263125470484,0.0162421041823495,0.785584664929285,0.0261861554976428,-0.37586565531337,-0.0125288551771123,-1.76448349954203,1.59550624253169,5,1,0,7,3,0
"Mixed f.","conifer","woody","BIGBAS2",4.2292703373861,NA,4.15918059155532,NA,-0.0700897458307805,NA,-0.00233632486102602,NA,0.0136831166386092,NA,0.0133803079096965,NA,-0.000302808728912715,NA,-1.00936242970905e-05,NA,0.360559827359532,0.393923958681068,0.599535256612859,0.684101814729727,0.192349795427795,0.179218085870401,622.152199566138,624.778004476394,13.0187455496951,13.7611832351432,23.4215722631495,24.0757924380363,5.91410774640484,6.84805286591922,0.227433621663413,-0.196123551356388,0.0333641313215356,0.00111213771071785,0.0845665581168674,0.00281888527056225,-0.0131317095573934,-0.000437723651913112,2.62580491025574,0.0875268303418579,0.742437685448094,0.0247479228482698,0.65422017488682,0.021807339162894,0.933945119514377,0.0311315039838126,-0.423557173019801,-0.0141185724339934,-1.79955981539011,1.58774983312142,6,1,0,6,3,0
"Mixed f.","conifer","woody","HFRT1",2.85146079984518,NA,2.89095532363928,NA,0.0394945237940942,NA,0.00131648412646981,NA,0.00773056609357115,NA,0.00790119428471879,NA,0.000170628191147642,NA,5.68760637158806e-06,NA,0.395527216005505,0.435162263952418,0.872211163736051,0.976760273435172,0.103998179566918,0.128116444841204,1122.73725747283,1144.18479096924,8.135072672429,8.96816821882807,26.7649060109352,27.7354061732493,-11.5299795557369,-9.26952304079286,-0.0636775481387595,0.218989541787781,0.0396350479469127,0.00132116826489709,0.104549109699121,0.00348497032330404,0.0241182652742862,0.000803942175809539,21.4475334964081,0.714917783213605,0.833095546399068,0.0277698515466356,0.97050016231406,0.0323500054104687,2.26045651494401,0.0753485504981337,0.28266708992654,0.00942223633088468,-2.30389111814708,2.41612664864608,4,1,1,5,2,1
"Mixed f.","conifer","woody","HFRT2",2.9374746577909,NA,3.30477717822155,NA,0.36730252043065,NA,0.0122434173476883,NA,0.00810217176405402,NA,0.00968902884307056,NA,0.00158685707901654,NA,5.28952359672179e-05,NA,0.395527216005505,0.435162263952418,0.872211163736051,0.976760273435172,0.103998179566918,0.128116444841204,1122.73725747283,1144.18479096924,8.135072672429,8.96816821882807,26.7649060109352,27.7354061732493,-11.5299795557369,-9.26952304079286,-0.063681274459319,0.218993522189541,0.0396350479469127,0.00132116826489709,0.104549109699121,0.00348497032330404,0.0241182652742862,0.000803942175809539,21.4475334964081,0.714917783213605,0.833095546399068,0.0277698515466356,0.97050016231406,0.0323500054104687,2.26045651494401,0.0753485504981337,0.28267479664886,0.00942249322162867,-2.30388929186957,2.4161233764825,4,1,1,5,2,1
"Mixed f.","conifer","woody","HFRT5",2.74440434765991,NA,2.82769563288478,NA,0.0832912852248708,NA,0.00277637617416236,NA,0.00726805010319514,NA,0.00762789344275213,NA,0.000359843339556996,NA,1.19947779852332e-05,NA,0.395527216005505,0.435162263952418,0.872211163736051,0.976760273435172,0.103998179566918,0.128116444841204,1122.73725747283,1144.18479096924,8.135072672429,8.96816821882807,26.7649060109352,27.7354061732493,-11.5299795557369,-9.26952304079286,-0.0636794034173713,0.218991523567018,0.0396350479469127,0.00132116826489709,0.104549109699121,0.00348497032330404,0.0241182652742862,0.000803942175809539,21.4475334964081,0.714917783213605,0.833095546399068,0.0277698515466356,0.97050016231406,0.0323500054104687,2.26045651494401,0.0753485504981337,0.282670926984389,0.00942236423281298,-2.30389020888139,2.41612501946959,4,1,1,5,2,1
"Mixed f.","conifer","woody","JERC",3.95876261122495,NA,3.50236033837485,NA,-0.456402272850101,NA,-0.0152134090950034,NA,0.0125144421092752,NA,0.0105426473698809,NA,-0.00197179473939429,NA,-6.5726491313143e-05,NA,0.74242838586561,0.835629222122426,1.20844610198216,1.41842710958627,0.328549653855953,0.35554110862023,1140.44570927725,1087.59252745961,19.1518918911709,20.4368580126144,32.8119797939072,33.9806004212016,3.56390458015072,5.36748452597066,0.0302709968384473,0.200984960652537,0.0932008362568163,0.00310669454189388,0.209981007604114,0.00699936692013713,0.0269914547642769,0.000899715158809232,-52.8531818176382,-1.76177272725461,1.28496612144346,0.0428322040481154,1.16862062729437,0.0389540209098122,1.80357994581993,0.0601193315273311,0.17071396381409,0.00569046546046966,-1.66861754703232,2.10910977604802,9,2,1,6,3,0
"Mixed f.","conifer","woody","LaGloria",3.66222468566394,NA,3.45199863469771,NA,-0.210226050966234,NA,-0.0070075350322078,NA,0.0112333093094739,NA,0.0103250697014845,NA,-0.000908239607989412,NA,-3.02746535996471e-05,NA,0.640176479510075,0.725758276561805,0.938709295612155,1.05449806226658,0.345952123993503,0.474211117687466,1127.28117359434,968.901232458516,20.3982113057071,21.1169300858881,29.3719451184495,30.2584166314766,10.2859876473399,10.6834715162494,-0.0744361862010061,0.29317630038082,0.0855817970517304,0.00285272656839101,0.115788766654421,0.00385962555514736,0.128258993693963,0.00427529978979875,-158.379941135823,-5.2793313711941,0.71871878018101,0.0239572926727003,0.886471513027121,0.0295490504342374,0.39748386890952,0.013249462296984,0.367612486581826,0.0122537495527275,-3.01869051172823,1.87626616114791,7,3,0,4,1,1
"Mixed f.","conifer","woody","LSV",5.0003014823568,NA,4.32583594563631,NA,-0.674465536720494,NA,-0.0224821845573498,NA,0.0170142024942261,NA,0.0141003090359325,NA,-0.00291389345829358,NA,-9.71297819431194e-05,NA,1.15374321644926,1.33322075422831,2.51944106389197,2.76852805428944,0.346901020774831,0.429937890443962,607.6974850562,461.876880739507,15.4415336433021,16.7255580540928,31.6043137068092,33.1227188055159,0.407461873346153,1.06214435149094,0.776828496994989,-0.232047929311211,0.179477537779045,0.00598258459263482,0.24908699039747,0.00830289967991565,0.0830368696691305,0.00276789565563768,-145.820604316692,-4.86068681055641,1.28402441079069,0.0428008136930231,1.51840509870668,0.0506135032902227,0.654682478144788,0.0218227492714929,-1.0088764263062,-0.0336292142102067,-2.19670514530577,1.4895827849618,3,0,0,4,4,1
"Mixed f.","mixed","woody","HARV",2.88163983104989,NA,2.98930462142379,NA,0.107664790373901,NA,0.00358882634579669,NA,0.00786094856208484,NA,0.0083260927559372,NA,0.000465144193852362,NA,1.55048064617454e-05,NA,0.395527216005505,0.435162263952418,0.872211163736051,0.976760273435172,0.103998179566918,0.128116444841204,1122.73725747283,1144.18479096924,8.135072672429,8.96816821882807,26.7649060109352,27.7354061732493,-11.5299795557369,-9.26952304079286,-0.0636785769628667,0.218990640760775,0.0396350479469127,0.00132116826489709,0.104549109699121,0.00348497032330404,0.0241182652742862,0.000803942175809539,21.4475334964081,0.714917783213605,0.833095546399068,0.0277698515466356,0.97050016231406,0.0323500054104687,2.26045651494401,0.0753485504981337,0.282669217723642,0.00942230725745472,-2.30389061392639,2.41612574520056,4,1,1,5,2,1
"Mixed f.","mixed","woody","LAPENA",NA,NA,4.73224674537231,NA,NA,NA,NA,NA,NA,NA,0.015856125614032,NA,NA,NA,NA,NA,0.525714718193798,0.524954275448164,0.760812413232807,0.774905091083381,0.351548949411986,0.332997283385134,911.405636975631,910.931661747265,13.4438859618122,14.0462996954299,23.1669224841965,23.5084756689801,3.99091182068435,4.60694509668718,-0.232721845040599,0.539903070942353,-0.000760442745633916,-2.53480915211305e-05,0.0140926778505733,0.000469755928352444,-0.0185516660268524,-0.000618388867561748,-0.473975228365816,-0.0157991742788605,0.602413733617755,0.0200804577872585,0.341553184783617,0.0113851061594539,0.616033276002836,0.0205344425334279,0.772624915982952,0.0257541638660984,-3.20296050733769,1.9657370706967,7,2,0,4,1,1
"Mixed f.","mixed","woody","SNP8",4.77397565776189,NA,4.28136695470274,NA,-0.492608703059152,NA,-0.0164202901019717,NA,0.0160364070342287,NA,0.0139081896544022,NA,-0.00212821737982648,NA,-7.09405793275493e-05,NA,0.501709460773628,0.653059210729164,1.22407492761805,1.50217840103879,0.136421491144173,0.145550692902312,1064.90363656089,1013.47608457964,8.44437607863412,9.4963247484468,25.7213032473294,26.9419245271495,-4.5668835907134,-4.6827593772428,0.36072970860861,-0.340166177414923,0.151349749955536,0.00504499166518454,0.278103473420737,0.00927011578069124,0.00912920175813886,0.000304306725271295,-51.4275519812526,-1.71425173270842,1.05194866981267,0.0350649556604225,1.2206212798201,0.0406873759940035,-0.115875786529398,-0.0038625262176466,-0.700895886023534,-0.0233631962007845,-1.74761109705846,2.1577406501707,3,2,1,6,1,0
"Other","grass","nonWoody","TOOL",3.87415798781366,NA,3.32899426463036,NA,-0.545163723183297,NA,-0.0181721241061099,NA,0.0121489247547514,NA,0.00979365392148257,NA,-0.00235527083326878,NA,-7.85090277756261e-05,NA,0.105216770740629,0.113999277877646,0.355519712500176,0.344912132213827,0.018614239766533,0.0257437918456763,457.207402403632,601.844948408433,-10.6808692715635,-8.02955569164891,14.3027474835365,15.2219285530399,-31.8897852195995,-27.3582209927743,-0.26365170634747,0.11141989160861,0.00878250713701739,0.00029275023790058,-0.0106075802863488,-0.000353586009544959,0.00712955207914323,0.000237651735971441,144.637546004801,4.82125153349335,2.65131357991464,0.0883771193304878,0.919181069503328,0.0306393689834443,4.53156422682514,0.151052140894171,0.37507159795608,0.012502386598536,-2.07231668245175,2.45048816140211,6,2,1,5,3,1
"Other",NA,"woody","KONA",2.80998464648412,NA,3.64210510668936,NA,0.832120460205242,NA,0.0277373486735081,NA,0.00755137666820537,NA,0.0111463866924301,NA,0.00359501002422471,NA,0.000119833667474157,NA,0.61779662973367,0.684223516074605,1.41221634208976,1.4714387832802,0.129715434539852,0.198539382084223,978.229834959905,994.981558604257,12.5525292093791,13.7022301825558,32.1877788005477,32.6259357446987,-7.59369425336386,-5.16969416130422,0.387004571536706,0.227965510314143,0.066426886340935,0.00221422954469783,0.0592224411904312,0.00197408137301437,0.0688239475443703,0.00229413158481234,16.7517236443528,0.558390788145092,1.14970097317665,0.0383233657725549,0.43815694415094,0.014605231471698,2.42400009205964,0.0808000030686546,-0.159039061222563,-0.00530130204075209,-1.63055071816521,1.90516463446975,5,3,0,7,2,0
