"site","LMA.slp","VPDmean.slp","VPDmax.slp","VPDmin.slp","precip.slp","Tmean.slp","Tmax.slp","Tmin.slp","nYears","vegType","PFT","woodyNonWoody"
"AlmontCO",6.9299e-05,0.00245366680760085,0.00694570300744844,4.85196626165518e-05,-10.102,0.0298077121849268,0.0596191120781675,0.0530008298228252,16,"Mixed f.","conifer","woody"
"AlmontCO",6.9299e-05,0.00245366680760085,0.00694570300744844,4.85196626165518e-05,NA,0.0298077121849268,0.0596191120781675,0.0530008298228252,0,"Mixed f.","conifer","woody"
"AlmontCO",6.9299e-05,0.00245366680760085,0.00694570300744844,4.85196626165518e-05,3.9168,0.0298077121849268,0.0596191120781675,0.0530008298228252,1,"Mixed f.","conifer","woody"
"AlmontCO",NA,0.00245366680760085,0.00694570300744844,4.85196626165518e-05,3.9168,0.0298077121849268,0.0596191120781675,0.0530008298228252,0,"Mixed f.","conifer","woody"
"AlmontCO",-0.00077275,0.00245366680760085,0.00694570300744844,4.85196626165518e-05,3.9168,0.0298077121849268,0.0596191120781675,0.0530008298228252,13,"Mixed f.","conifer","woody"
"ANDT1",-0.000283635142193163,0.00144288950915125,-0.019494,0.000354947724574688,5.93650663223459,-0.0098035,-0.99199,0.0495678267976175,3,"Evergreen conifer f.","conifer","woody"
"ANDT1",-0.000283635142193163,0.00144288950915125,-0.019494,0.000354947724574688,5.93650663223459,-0.0098035,NA,0.0495678267976175,0,"Evergreen conifer f.","conifer","woody"
"ANDT1",-0.000283635142193163,0.00144288950915125,-0.019494,0.000354947724574688,5.93650663223459,-0.0098035,0.074818,0.0495678267976175,6,"Evergreen conifer f.","conifer","woody"
"ANDT1",-0.000283635142193163,0.00144288950915125,NA,0.000354947724574688,5.93650663223459,-0.0098035,0.074818,0.0495678267976175,0,"Evergreen conifer f.","conifer","woody"
"ANDT1",-0.000283635142193163,0.00144288950915125,0.017105,0.000354947724574688,5.93650663223459,-0.0098035,0.074818,0.0495678267976175,14,"Evergreen conifer f.","conifer","woody"
"ANDT1",-0.000283635142193163,0.00144288950915125,0.017105,0.000354947724574688,5.93650663223459,1.447,0.074818,0.0495678267976175,1,"Evergreen conifer f.","conifer","woody"
"ANDT1",-0.000283635142193163,0.00144288950915125,0.017105,0.000354947724574688,5.93650663223459,-0.36988,0.074818,0.0495678267976175,4,"Evergreen conifer f.","conifer","woody"
"ANDT2",-0.000308869765141782,0.00144288950915125,-0.019494,0.000354947724574688,5.93650663223459,-0.0098035,-0.99199,0.0495678267976175,3,"Evergreen conifer f.","conifer","woody"
"ANDT2",-0.000308869765141782,0.00144288950915125,-0.019494,0.000354947724574688,5.93650663223459,-0.0098035,NA,0.0495678267976175,0,"Evergreen conifer f.","conifer","woody"
"ANDT2",-0.000308869765141782,0.00144288950915125,-0.019494,0.000354947724574688,5.93650663223459,-0.0098035,0.074818,0.0495678267976175,6,"Evergreen conifer f.","conifer","woody"
"ANDT2",-0.000308869765141782,0.00144288950915125,NA,0.000354947724574688,5.93650663223459,-0.0098035,0.074818,0.0495678267976175,0,"Evergreen conifer f.","conifer","woody"
"ANDT2",-0.000308869765141782,0.00144288950915125,0.017105,0.000354947724574688,5.93650663223459,-0.0098035,0.074818,0.0495678267976175,14,"Evergreen conifer f.","conifer","woody"
"ANDT2",-0.000308869765141782,0.00144288950915125,0.017105,0.000354947724574688,5.93650663223459,1.447,0.074818,0.0495678267976175,1,"Evergreen conifer f.","conifer","woody"
"ANDT2",-0.000308869765141782,0.00144288950915125,0.017105,0.000354947724574688,5.93650663223459,-0.36988,0.074818,0.0495678267976175,4,"Evergreen conifer f.","conifer","woody"
"ANDT3",-0.000332619937349662,0.00122296591025698,-0.028815,0.000312160675193179,5.38587458069943,-0.012579,-1.0804,0.0513663371297523,3,"Evergreen conifer f.","conifer","woody"
"ANDT3",-0.000332619937349662,0.00122296591025698,-0.028815,0.000312160675193179,5.38587458069943,-0.012579,NA,0.0513663371297523,0,"Evergreen conifer f.","conifer","woody"
"ANDT3",-0.000332619937349662,0.00122296591025698,-0.028815,0.000312160675193179,5.38587458069943,-0.012579,0.07691,0.0513663371297523,4,"Evergreen conifer f.","conifer","woody"
"ANDT3",-0.000332619937349662,0.00122296591025698,NA,0.000312160675193179,5.38587458069943,-0.012579,0.07691,0.0513663371297523,0,"Evergreen conifer f.","conifer","woody"
"ANDT3",-0.000332619937349662,0.00122296591025698,0.015254,0.000312160675193179,5.38587458069943,-0.012579,0.07691,0.0513663371297523,16,"Evergreen conifer f.","conifer","woody"
"ANDT3",-0.000332619937349662,0.00122296591025698,0.015254,0.000312160675193179,5.38587458069943,1.4101,0.07691,0.0513663371297523,1,"Evergreen conifer f.","conifer","woody"
"ANDT3",-0.000332619937349662,0.00122296591025698,0.015254,0.000312160675193179,5.38587458069943,-0.38965,0.07691,0.0513663371297523,4,"Evergreen conifer f.","conifer","woody"
"ANDT4",-0.000137015874822327,0.00122296591025698,-0.028815,0.000312160675193179,5.38587458069943,-0.012579,-1.0804,0.0513663371297523,3,"Evergreen conifer f.","conifer","woody"
"ANDT4",-0.000137015874822327,0.00122296591025698,-0.028815,0.000312160675193179,5.38587458069943,-0.012579,NA,0.0513663371297523,0,"Evergreen conifer f.","conifer","woody"
"ANDT4",-0.000137015874822327,0.00122296591025698,-0.028815,0.000312160675193179,5.38587458069943,-0.012579,0.07691,0.0513663371297523,4,"Evergreen conifer f.","conifer","woody"
"ANDT4",-0.000137015874822327,0.00122296591025698,NA,0.000312160675193179,5.38587458069943,-0.012579,0.07691,0.0513663371297523,0,"Evergreen conifer f.","conifer","woody"
"ANDT4",-0.000137015874822327,0.00122296591025698,0.015254,0.000312160675193179,5.38587458069943,-0.012579,0.07691,0.0513663371297523,16,"Evergreen conifer f.","conifer","woody"
"ANDT4",-0.000137015874822327,0.00122296591025698,0.015254,0.000312160675193179,5.38587458069943,1.4101,0.07691,0.0513663371297523,1,"Evergreen conifer f.","conifer","woody"
"ANDT4",-0.000137015874822327,0.00122296591025698,0.015254,0.000312160675193179,5.38587458069943,-0.38965,0.07691,0.0513663371297523,4,"Evergreen conifer f.","conifer","woody"
"ANDT5",-5.3223e-05,0.00144288950915125,-0.019494,0.000354947724574688,5.93650663223459,-0.0098035,-0.99199,0.0495678267976175,3,"Evergreen conifer f.","conifer","woody"
"ANDT5",-5.3223e-05,0.00144288950915125,-0.019494,0.000354947724574688,5.93650663223459,-0.0098035,NA,0.0495678267976175,0,"Evergreen conifer f.","conifer","woody"
"ANDT5",-5.3223e-05,0.00144288950915125,-0.019494,0.000354947724574688,5.93650663223459,-0.0098035,0.074818,0.0495678267976175,6,"Evergreen conifer f.","conifer","woody"
"ANDT5",-5.3223e-05,0.00144288950915125,NA,0.000354947724574688,5.93650663223459,-0.0098035,0.074818,0.0495678267976175,0,"Evergreen conifer f.","conifer","woody"
"ANDT5",-5.3223e-05,0.00144288950915125,0.017105,0.000354947724574688,5.93650663223459,-0.0098035,0.074818,0.0495678267976175,4,"Evergreen conifer f.","conifer","woody"
"ANDT5",NA,0.00144288950915125,0.017105,0.000354947724574688,5.93650663223459,-0.0098035,0.074818,0.0495678267976175,0,"Evergreen conifer f.","conifer","woody"
"ANDT5",-0.00072486,0.00144288950915125,0.017105,0.000354947724574688,5.93650663223459,-0.0098035,0.074818,0.0495678267976175,8,"Evergreen conifer f.","conifer","woody"
"ANDT5",-0.00072486,0.00144288950915125,0.017105,0.000354947724574688,5.93650663223459,1.447,0.074818,0.0495678267976175,1,"Evergreen conifer f.","conifer","woody"
"ANDT5",-0.00072486,0.00144288950915125,0.017105,0.000354947724574688,5.93650663223459,-0.36988,0.074818,0.0495678267976175,4,"Evergreen conifer f.","conifer","woody"
"Ba",-0.0043744,0.00171841881651857,0.00460442881532482,6.50926236222543e-05,-11.848,0.0268523333576574,0.0605650076651475,0.0312760181785981,0,"Grassland","grass","nonWoody"
"Ba",NA,0.00171841881651857,0.00460442881532482,6.50926236222543e-05,-11.848,0.0268523333576574,0.0605650076651475,0.0312760181785981,0,"Grassland","grass","nonWoody"
"Ba",3.149e-05,0.00171841881651857,0.00460442881532482,6.50926236222543e-05,-11.848,0.0268523333576574,0.0605650076651475,0.0312760181785981,14,"Grassland","grass","nonWoody"
"Ba",3.149e-05,0.00171841881651857,0.00460442881532482,6.50926236222543e-05,NA,0.0268523333576574,0.0605650076651475,0.0312760181785981,0,"Grassland","grass","nonWoody"
"Ba",3.149e-05,0.00171841881651857,0.00460442881532482,6.50926236222543e-05,4.202,0.0268523333576574,0.0605650076651475,0.0312760181785981,16,"Grassland","grass","nonWoody"
"BCIT1",3.21480540511402e-05,0.00059284388912143,0.000997613227213159,0.000118865048542757,3.41885987107309,0.0163996841914364,0.0136875128922138,0.0137935474148027,34,"Broadleaf evergreen f.","broadleaf","woody"
"BCIT2",2.7137687327596e-06,0.00059284388912143,0.000997613227213159,0.000118865048542757,3.41885987107309,0.0163996841914364,0.0136875128922138,0.0137935474148027,34,"Broadleaf evergreen f.","broadleaf","woody"
"BCIT3",-3.34790195193929e-05,0.00059284388912143,0.000997613227213159,0.000118865048542757,3.41885987107309,0.0163996841914364,0.0136875128922138,0.0137935474148027,34,"Broadleaf evergreen f.","broadleaf","woody"
"BCIT4",-0.0010557,0.00059284388912143,0.000997613227213159,0.000118865048542757,3.41885987107309,0.0163996841914364,0.0136875128922138,0.0137935474148027,34,"Broadleaf evergreen f.","broadleaf","woody"
"BCIT4",-3.0676e-05,0.00059284388912143,0.000997613227213159,0.000118865048542757,3.41885987107309,0.0163996841914364,0.0136875128922138,0.0137935474148027,0,"Broadleaf evergreen f.","broadleaf","woody"
"BCIT5",3.86360749439916e-05,0.00059284388912143,0.000997613227213159,0.000118865048542757,3.41885987107309,0.0163996841914364,0.0136875128922138,0.0137935474148027,34,"Broadleaf evergreen f.","broadleaf","woody"
"BIGBAS1",NA,NA,NA,NA,NA,NA,NA,NA,34,"Mixed f.","conifer","woody"
"BIGBAS2",NA,NA,NA,NA,NA,NA,NA,NA,34,"Mixed f.","conifer","woody"
"BONA",0.0001807,0.00103233117053258,0.00268247710664003,0.000190229552665403,-4.5072,0.012093,0.00347384067882872,0.0413836208085028,20,"Evergreen conifer f.","mixed","woody"
"BONA",NA,0.00103233117053258,0.00268247710664003,0.000190229552665403,-4.5072,0.012093,0.00347384067882872,0.0413836208085028,0,"Evergreen conifer f.","mixed","woody"
"BONA",-0.00020142,0.00103233117053258,0.00268247710664003,0.000190229552665403,-4.5072,0.012093,0.00347384067882872,0.0413836208085028,2,"Evergreen conifer f.","mixed","woody"
"BONA",-0.00020142,0.00103233117053258,0.00268247710664003,0.000190229552665403,NA,0.012093,0.00347384067882872,0.0413836208085028,0,"Evergreen conifer f.","mixed","woody"
"BONA",-0.00020142,0.00103233117053258,0.00268247710664003,0.000190229552665403,20.38,0.012093,0.00347384067882872,0.0413836208085028,0,"Evergreen conifer f.","mixed","woody"
"BONA",-0.00020142,0.00103233117053258,0.00268247710664003,0.000190229552665403,20.38,NA,0.00347384067882872,0.0413836208085028,0,"Evergreen conifer f.","mixed","woody"
"BONA",-0.00020142,0.00103233117053258,0.00268247710664003,0.000190229552665403,20.38,0.33818,0.00347384067882872,0.0413836208085028,6,"Evergreen conifer f.","mixed","woody"
"Boshum",0.00051032,-0.000692889351829061,-0.00280209162960988,-0.000893560836161457,7.57509174056776,0.0106210936688762,-0.0128104148821274,0.0201699824284968,6,"Broadleaf evergreen f.","broadleaf","woody"
"Boshum",NA,-0.000692889351829061,-0.00280209162960988,-0.000893560836161457,7.57509174056776,0.0106210936688762,-0.0128104148821274,0.0201699824284968,0,"Broadleaf evergreen f.","broadleaf","woody"
"Boshum",-0.00016319,-0.000692889351829061,-0.00280209162960988,-0.000893560836161457,7.57509174056776,0.0106210936688762,-0.0128104148821274,0.0201699824284968,26,"Broadleaf evergreen f.","broadleaf","woody"
"Cacao-1",-9.11427658125843e-05,-0.00153290809766746,-0.00446702554238087,-0.000657298169720855,15.4682450797549,0.00770059562749732,-0.0124219262018915,0.0163898485594332,34,"Broadleaf evergreen f.","broadleaf","woody"
"Cacao-2",-4.10545670201506e-05,-0.00153290809766746,-0.00446702554238087,-0.000657298169720855,15.4682450797549,0.00770059562749732,-0.0124219262018915,0.0163898485594332,34,"Broadleaf evergreen f.","broadleaf","woody"
"CBT",4.3018067887728e-05,0.00209594251621478,0.00574872754225383,9.4476561730854e-05,-12.684,0.0285644423893272,0.0608892843782308,0.0375415767684552,15,"Grassland","grass","nonWoody"
"CBT",4.3018067887728e-05,0.00209594251621478,0.00574872754225383,9.4476561730854e-05,NA,0.0285644423893272,0.0608892843782308,0.0375415767684552,0,"Grassland","grass","nonWoody"
"CBT",4.3018067887728e-05,0.00209594251621478,0.00574872754225383,9.4476561730854e-05,4.6126,0.0285644423893272,0.0608892843782308,0.0375415767684552,17,"Grassland","grass","nonWoody"
"Cecilia",0.00013524,-0.000992296086069591,-0.0043459167049682,-0.000760539419081765,7.49499712319606,-0.0042518,-0.015545455783334,0.0203943991836842,8,"Broadleaf evergreen f.","broadleaf","woody"
"Cecilia",NA,-0.000992296086069591,-0.0043459167049682,-0.000760539419081765,7.49499712319606,-0.0042518,-0.015545455783334,0.0203943991836842,0,"Broadleaf evergreen f.","broadleaf","woody"
"Cecilia",-0.00011184,-0.000992296086069591,-0.0043459167049682,-0.000760539419081765,7.49499712319606,-0.0042518,-0.015545455783334,0.0203943991836842,14,"Broadleaf evergreen f.","broadleaf","woody"
"Cecilia",-0.00011184,-0.000992296086069591,-0.0043459167049682,-0.000760539419081765,7.49499712319606,NA,-0.015545455783334,0.0203943991836842,0,"Broadleaf evergreen f.","broadleaf","woody"
"Cecilia",-0.00011184,-0.000992296086069591,-0.0043459167049682,-0.000760539419081765,7.49499712319606,0.071956,-0.015545455783334,0.0203943991836842,8,"Broadleaf evergreen f.","broadleaf","woody"
"Cielo",0.0001665,0.0022959784648941,0.00347150775535667,0.00133387623282265,-3.59106939912055,0.004813,0.0247087750462909,0.00863833648271446,12,"Broadleaf evergreen f.","broadleaf","woody"
"Cielo",NA,0.0022959784648941,0.00347150775535667,0.00133387623282265,-3.59106939912055,0.004813,0.0247087750462909,0.00863833648271446,0,"Broadleaf evergreen f.","broadleaf","woody"
"Cielo",-0.0001724,0.0022959784648941,0.00347150775535667,0.00133387623282265,-3.59106939912055,0.004813,0.0247087750462909,0.00863833648271446,15,"Broadleaf evergreen f.","broadleaf","woody"
"Cielo",-0.0001724,0.0022959784648941,0.00347150775535667,0.00133387623282265,-3.59106939912055,NA,0.0247087750462909,0.00863833648271446,0,"Broadleaf evergreen f.","broadleaf","woody"
"Cielo",-0.0001724,0.0022959784648941,0.00347150775535667,0.00133387623282265,-3.59106939912055,0.22335,0.0247087750462909,0.00863833648271446,3,"Broadleaf evergreen f.","broadleaf","woody"
"Cin",-4.41638582965882e-05,0.00191938546216582,0.00526750442034065,3.98826662530918e-05,-12.4,0.0262888124173734,0.0616644127678332,0.0280034238140856,16,"Grassland","grass","nonWoody"
"Cin",-4.41638582965882e-05,0.00191938546216582,0.00526750442034065,3.98826662530918e-05,NA,0.0262888124173734,0.0616644127678332,0.0280034238140856,0,"Grassland","grass","nonWoody"
"Cin",-4.41638582965882e-05,0.00191938546216582,0.00526750442034065,3.98826662530918e-05,4.2359,0.0262888124173734,0.0616644127678332,0.0280034238140856,16,"Grassland","grass","nonWoody"
"CLBJ",-0.00021173,0.0050085091441933,0.0110108777210717,0.00246293059058928,-5.78060663175693,0.0242875327098505,0.0468940894835587,0.00812837057146792,8,"Broadleaf deciduous f.","broadleaf","woody"
"CLBJ",NA,0.0050085091441933,0.0110108777210717,0.00246293059058928,-5.78060663175693,0.0242875327098505,0.0468940894835587,0.00812837057146792,5,"Broadleaf deciduous f.","broadleaf","woody"
"CLBJ",0.00024273,0.0050085091441933,0.0110108777210717,0.00246293059058928,-5.78060663175693,0.0242875327098505,0.0468940894835587,0.00812837057146792,3,"Broadleaf deciduous f.","broadleaf","woody"
"CLBJ",-4.7649e-05,0.0050085091441933,0.0110108777210717,0.00246293059058928,-5.78060663175693,0.0242875327098505,0.0468940894835587,0.00812837057146792,19,"Broadleaf deciduous f.","broadleaf","woody"
"CWTT1",-1.14994104486726e-07,0.00166619628219805,0.00220607128185284,0.001455645636573,-2.2797776531912,0.0255858636378582,0.0213270249515833,0.0219892137088662,34,"Broadleaf deciduous f.","broadleaf","woody"
"CWTT2",-2.56970890495511e-05,0.00166619628219805,0.00220607128185284,0.001455645636573,-2.2797776531912,0.0255858636378582,0.0213270249515833,0.0219892137088662,34,"Broadleaf deciduous f.","broadleaf","woody"
"CWTT3",3.03070235100009e-05,0.00166619628219805,0.00220607128185284,0.001455645636573,-2.2797776531912,0.0255858636378582,0.0213270249515833,0.0219892137088662,34,"Broadleaf deciduous f.","broadleaf","woody"
"CWTT4",-3.92588184020795e-06,0.00168195246517338,0.00225068883877862,0.00152975833886412,-1.88906532814975,0.0267563079683475,0.0218847450669338,0.0301100753759848,34,"Broadleaf deciduous f.","broadleaf","woody"
"CWTT5",1.14834883507027e-05,0.00166619628219805,0.00220607128185284,0.001455645636573,-2.2797776531912,0.0255858636378582,0.0213270249515833,0.0219892137088662,34,"Broadleaf deciduous f.","broadleaf","woody"
"DCFS",NA,NA,NA,NA,NA,NA,NA,NA,34,"Grassland","grass","nonWoody"
"DEJU",NA,NA,NA,NA,NA,NA,NA,NA,34,"Evergreen conifer f.","conifer","woody"
"DELA",1.5566e-05,0.00289553052183152,0.00699026702501521,0.00136630962612043,0.759346182059347,0.0232279314974733,0.0292187893909672,0.0141243337861452,19,"Mixed f.","broadleaf","woody"
"DELA",NA,0.00289553052183152,0.00699026702501521,0.00136630962612043,0.759346182059347,0.0232279314974733,0.0292187893909672,0.0141243337861452,11,"Mixed f.","broadleaf","woody"
"DELA",-0.00016854,0.00289553052183152,0.00699026702501521,0.00136630962612043,0.759346182059347,0.0232279314974733,0.0292187893909672,0.0141243337861452,9,"Mixed f.","broadleaf","woody"
"DELA",0.00033744,0.00289553052183152,0.00699026702501521,0.00136630962612043,0.759346182059347,0.0232279314974733,0.0292187893909672,0.0141243337861452,2,"Mixed f.","broadleaf","woody"
"ElCujete",-0.0001238623802635,0.00212739670912864,0.00365370839718593,0.00146274208837951,-4.06217955196239,0.0033673,0.0246148923693859,0.00790161280666851,29,"Mixed f.","broadleaf","woody"
"ElCujete",-0.0001238623802635,0.00212739670912864,0.00365370839718593,0.00146274208837951,-4.06217955196239,NA,0.0246148923693859,0.00790161280666851,0,"Mixed f.","broadleaf","woody"
"ElCujete",-0.0001238623802635,0.00212739670912864,0.00365370839718593,0.00146274208837951,-4.06217955196239,0.22193,0.0246148923693859,0.00790161280666851,3,"Mixed f.","broadleaf","woody"
"Gothic_Asp",1.68258220885701e-05,0.00209594251621478,0.00574872754225383,9.4476561730854e-05,-12.684,0.0285644423893272,0.0608892843782308,0.0375415767684552,15,"Broadleaf deciduous f.","broadleaf","woody"
"Gothic_Asp",1.68258220885701e-05,0.00209594251621478,0.00574872754225383,9.4476561730854e-05,NA,0.0285644423893272,0.0608892843782308,0.0375415767684552,0,"Broadleaf deciduous f.","broadleaf","woody"
"Gothic_Asp",1.68258220885701e-05,0.00209594251621478,0.00574872754225383,9.4476561730854e-05,4.6126,0.0285644423893272,0.0608892843782308,0.0375415767684552,17,"Broadleaf deciduous f.","broadleaf","woody"
"GRSM",-4.2137e-05,0.00203238898333956,0.00317754349375794,0.00146994893484769,-1.42321509559257,0.0281177229149559,0.019350229350961,0.0279844472005645,28,"Broadleaf deciduous f.","broadleaf","woody"
"GRSM",NA,0.00203238898333956,0.00317754349375794,0.00146994893484769,-1.42321509559257,0.0281177229149559,0.019350229350961,0.0279844472005645,0,"Broadleaf deciduous f.","broadleaf","woody"
"GRSM",0.00033286,0.00203238898333956,0.00317754349375794,0.00146994893484769,-1.42321509559257,0.0281177229149559,0.019350229350961,0.0279844472005645,4,"Broadleaf deciduous f.","broadleaf","woody"
"GUAN",-5.66853732707508e-05,0.000554251406715299,0.0045553,0.000653520370157059,0.406380467789068,0.0148495303454459,0.00296828330948275,0.0243254543868545,21,"Broadleaf evergreen f.","broadleaf","woody"
"GUAN",-5.66853732707508e-05,0.000554251406715299,NA,0.000653520370157059,0.406380467789068,0.0148495303454459,0.00296828330948275,0.0243254543868545,0,"Broadleaf evergreen f.","broadleaf","woody"
"GUAN",-5.66853732707508e-05,0.000554251406715299,-0.010346,0.000653520370157059,0.406380467789068,0.0148495303454459,0.00296828330948275,0.0243254543868545,11,"Broadleaf evergreen f.","broadleaf","woody"
"HARV",-3.75363013661552e-07,0.00111496285342919,0.00495729856494131,0.000306265258208462,2.63298081587155,0.022786126023351,0.0487509900420737,0.0472866947058005,34,"Mixed f.","mixed","woody"
"HFRT1",-7.22250981657477e-06,0.00111496285342919,0.00495729856494131,0.000306265258208462,2.63298081587155,0.022786126023351,0.0487509900420737,0.0472866947058005,34,"Mixed f.","conifer","woody"
"HFRT2",1.7728573069409e-05,0.00111496285342919,0.00495729856494131,0.000306265258208462,2.63298081587155,0.022786126023351,0.0487509900420737,0.0472866947058005,34,"Mixed f.","conifer","woody"
"HFRT3",1.72936660767127e-05,0.00111496285342919,0.00495729856494131,0.000306265258208462,2.63298081587155,0.022786126023351,0.0487509900420737,0.0472866947058005,34,"Mixed f.","broadleaf","woody"
"HFRT4",8.54456159132037e-06,0.00111496285342919,0.00495729856494131,0.000306265258208462,2.63298081587155,0.022786126023351,0.0487509900420737,0.0472866947058005,34,"Mixed f.","broadleaf","woody"
"HFRT5",9.68738402641281e-06,0.00111496285342919,0.00495729856494131,0.000306265258208462,2.63298081587155,0.022786126023351,0.0487509900420737,0.0472866947058005,34,"Mixed f.","conifer","woody"
"JERC",-6.81044347144379e-05,0.00287126723721459,0.00677017025301738,0.00129750989541584,-3.03361680396495,0.0207421428385564,0.0360259602542966,0.00496267907133161,34,"Mixed f.","conifer","woody"
"KONA",0.0034946,0.00369488992053635,0.00985801412825625,0.00216412762209484,-2.56723253225706,0.0261957178451574,0.0455161568019879,0.02939422293536,2,"Other",NA,"woody"
"KONA",NA,0.00369488992053635,0.00985801412825625,0.00216412762209484,-2.56723253225706,0.0261957178451574,0.0455161568019879,0.02939422293536,0,"Other",NA,"woody"
"KONA",-6.8628e-05,0.00369488992053635,0.00985801412825625,0.00216412762209484,-2.56723253225706,0.0261957178451574,0.0455161568019879,0.02939422293536,30,"Other",NA,"woody"
"KONZ",-3.94774948349612e-05,0.00369488992053635,0.00985801412825625,0.00216412762209484,-2.56723253225706,0.0261957178451574,0.0455161568019879,0.02939422293536,34,"Grassland","grass","nonWoody"
"LaGloria",-1.41676211812217e-05,0.00273737077108252,0.0045576975497516,0.00180791006386066,-3.5443456190422,0.0049531,0.0296605305529137,0.00814899894488825,29,"Mixed f.","conifer","woody"
"LaGloria",-1.41676211812217e-05,0.00273737077108252,0.0045576975497516,0.00180791006386066,-3.5443456190422,NA,0.0296605305529137,0.00814899894488825,0,"Mixed f.","conifer","woody"
"LaGloria",-1.41676211812217e-05,0.00273737077108252,0.0045576975497516,0.00180791006386066,-3.5443456190422,0.23169,0.0296605305529137,0.00814899894488825,3,"Mixed f.","conifer","woody"
"LAMARCELA",-0.063491166825852,0.00222776840498843,0.00504517408646788,0.00039578199393879,-2.0218309840307,0.0044146,0.0178079996285171,0.00805802675501415,29,"Evergreen conifer f.","conifer","woody"
"LAMARCELA",-0.063491166825852,0.00222776840498843,0.00504517408646788,0.00039578199393879,-2.0218309840307,NA,0.0178079996285171,0.00805802675501415,0,"Evergreen conifer f.","conifer","woody"
"LAMARCELA",-0.063491166825852,0.00222776840498843,0.00504517408646788,0.00039578199393879,-2.0218309840307,0.2651,0.0178079996285171,0.00805802675501415,3,"Evergreen conifer f.","conifer","woody"
"LAPENA",-0.00069817,0.000798967307300257,0.00259400836663756,-0.000733560941325383,-1.46490058640293,0.0070066,0.0239018042227344,0.00588209938585104,12,"Mixed f.","mixed","woody"
"LAPENA",NA,0.000798967307300257,0.00259400836663756,-0.000733560941325383,-1.46490058640293,0.0070066,0.0239018042227344,0.00588209938585104,4,"Mixed f.","mixed","woody"
"LAPENA",0.00078045,0.000798967307300257,0.00259400836663756,-0.000733560941325383,-1.46490058640293,0.0070066,0.0239018042227344,0.00588209938585104,2,"Mixed f.","mixed","woody"
"LAPENA",-0.00026426,0.000798967307300257,0.00259400836663756,-0.000733560941325383,-1.46490058640293,0.0070066,0.0239018042227344,0.00588209938585104,12,"Mixed f.","mixed","woody"
"LAPENA",-0.00026426,0.000798967307300257,0.00259400836663756,-0.000733560941325383,-1.46490058640293,NA,0.0239018042227344,0.00588209938585104,0,"Mixed f.","mixed","woody"
"LAPENA",-0.00026426,0.000798967307300257,0.00259400836663756,-0.000733560941325383,-1.46490058640293,0.2824,0.0239018042227344,0.00588209938585104,2,"Mixed f.","mixed","woody"
"LENO",-5.3605e-05,0.00288019566915758,0.00794832000418201,0.00142904783839425,-0.246561623161177,0.0233570510268241,0.0267784910300774,0.0140664220014631,22,"Mixed f.","broadleaf","woody"
"LENO",NA,0.00288019566915758,0.00794832000418201,0.00142904783839425,-0.246561623161177,0.0233570510268241,0.0267784910300774,0.0140664220014631,0,"Mixed f.","broadleaf","woody"
"LENO",-0.00021866,0.00288019566915758,0.00794832000418201,0.00142904783839425,-0.246561623161177,0.0233570510268241,0.0267784910300774,0.0140664220014631,10,"Mixed f.","broadleaf","woody"
"LSV",8.6252e-05,0.00605826875470391,0.00997602374070546,0.00378868293122244,-17.051,0.0398566052026299,0.0417478422057659,0.0325986385890129,16,"Mixed f.","conifer","woody"
"LSV",8.6252e-05,0.00605826875470391,0.00997602374070546,0.00378868293122244,NA,0.0398566052026299,0.0417478422057659,0.0325986385890129,0,"Mixed f.","conifer","woody"
"LSV",8.6252e-05,0.00605826875470391,0.00997602374070546,0.00378868293122244,6.2424,0.0398566052026299,0.0417478422057659,0.0325986385890129,1,"Mixed f.","conifer","woody"
"LSV",NA,0.00605826875470391,0.00997602374070546,0.00378868293122244,6.2424,0.0398566052026299,0.0417478422057659,0.0325986385890129,0,"Mixed f.","conifer","woody"
"LSV",-0.00040063,0.00605826875470391,0.00997602374070546,0.00378868293122244,6.2424,0.0398566052026299,0.0417478422057659,0.0325986385890129,13,"Mixed f.","conifer","woody"
"LUQT1",-0.00040917,0.00113484453688399,0.00059627518093105,0.00163603730086931,1.71072438838974,0.0142783294560883,0.00996422496246577,0.018580810456213,34,"Broadleaf evergreen f.","broadleaf","woody"
"LUQT1",0.0001792,0.00113484453688399,0.00059627518093105,0.00163603730086931,1.71072438838974,0.0142783294560883,0.00996422496246577,0.018580810456213,0,"Broadleaf evergreen f.","broadleaf","woody"
"LUQT2",-2.2874e-05,0.00113484453688399,0.00059627518093105,0.00163603730086931,1.71072438838974,0.0142783294560883,0.00996422496246577,0.018580810456213,0,"Broadleaf evergreen f.","broadleaf","woody"
"LUQT2",0.0023492,0.00113484453688399,0.00059627518093105,0.00163603730086931,1.71072438838974,0.0142783294560883,0.00996422496246577,0.018580810456213,34,"Broadleaf evergreen f.","broadleaf","woody"
"LUQT3",-1.55035153196606e-07,0.00113484453688399,0.00059627518093105,0.00163603730086931,1.71072438838974,0.0142783294560883,0.00996422496246577,0.018580810456213,34,"Broadleaf evergreen f.","broadleaf","woody"
"LUQT4",1.7418e-05,0.00113484453688399,0.00059627518093105,0.00163603730086931,1.71072438838974,0.0142783294560883,0.00996422496246577,0.018580810456213,30,"Broadleaf evergreen f.","broadleaf","woody"
"LUQT4",NA,0.00113484453688399,0.00059627518093105,0.00163603730086931,1.71072438838974,0.0142783294560883,0.00996422496246577,0.018580810456213,0,"Broadleaf evergreen f.","broadleaf","woody"
"LUQT4",-0.00077782,0.00113484453688399,0.00059627518093105,0.00163603730086931,1.71072438838974,0.0142783294560883,0.00996422496246577,0.018580810456213,2,"Broadleaf evergreen f.","broadleaf","woody"
"LUQT5",-2.9823e-05,0.00113484453688399,0.00059627518093105,0.00163603730086931,1.71072438838974,0.0142783294560883,0.00996422496246577,0.018580810456213,0,"Broadleaf evergreen f.","broadleaf","woody"
"LUQT5",0.00037742,0.00113484453688399,0.00059627518093105,0.00163603730086931,1.71072438838974,0.0142783294560883,0.00996422496246577,0.018580810456213,34,"Broadleaf evergreen f.","broadleaf","woody"
"Mantonio",1.94207137391179e-06,0.000757737484981397,0.00016896,0.000295740163957428,-11.3164083054294,0.0162780672744412,0.0189818208158451,0.019443052122146,25,"Broadleaf evergreen f.","broadleaf","woody"
"Mantonio",1.94207137391179e-06,0.000757737484981397,NA,0.000295740163957428,-11.3164083054294,0.0162780672744412,0.0189818208158451,0.019443052122146,0,"Broadleaf evergreen f.","broadleaf","woody"
"Mantonio",1.94207137391179e-06,0.000757737484981397,0.013272,0.000295740163957428,-11.3164083054294,0.0162780672744412,0.0189818208158451,0.019443052122146,7,"Broadleaf evergreen f.","broadleaf","woody"
"Maritza",-9.13901818928796e-05,-0.00180399979409251,-0.00516218864403581,-0.000375267384211557,15.4899718479556,0.00688102549424866,-0.0131211486281255,0.0126244796017162,34,"Broadleaf evergreen f.","broadleaf","woody"
"MLBS",-1.6929e-05,0.00114398269019413,0.0017107449672909,0.00124324304281507,-1.85012687775992,0.0206091512146485,0.00511463239604954,0.000643455676524917,27,"Broadleaf deciduous f.","broadleaf","woody"
"MLBS",NA,0.00114398269019413,0.0017107449672909,0.00124324304281507,-1.85012687775992,0.0206091512146485,0.00511463239604954,0.000643455676524917,0,"Broadleaf deciduous f.","broadleaf","woody"
"MLBS",0.00040435,0.00114398269019413,0.0017107449672909,0.00124324304281507,-1.85012687775992,0.0206091512146485,0.00511463239604954,0.000643455676524917,5,"Broadleaf deciduous f.","broadleaf","woody"
"Nara",-2.3587481945711e-05,0.000385869470641092,0.000845645293724221,0.000446516822639323,-3.30861614353632,0.0158410775591678,0.0163814130350226,0.0145037081654207,34,"Broadleaf evergreen f.","broadleaf","woody"
"NWTT1",-0.000219151133094461,0.00210805211031169,0.00614010817060821,0.0038255,-15.002,0.0255214694418345,0.0669080739941507,0.00681104515516976,4,"Evergreen conifer f.","conifer","woody"
"NWTT1",-0.000219151133094461,0.00210805211031169,0.00614010817060821,NA,-15.002,0.0255214694418345,0.0669080739941507,0.00681104515516976,0,"Evergreen conifer f.","conifer","woody"
"NWTT1",-0.000219151133094461,0.00210805211031169,0.00614010817060821,-0.00026822,-15.002,0.0255214694418345,0.0669080739941507,0.00681104515516976,10,"Evergreen conifer f.","conifer","woody"
"NWTT1",-0.000219151133094461,0.00210805211031169,0.00614010817060821,-0.00026822,NA,0.0255214694418345,0.0669080739941507,0.00681104515516976,0,"Evergreen conifer f.","conifer","woody"
"NWTT1",-0.000219151133094461,0.00210805211031169,0.00614010817060821,-0.00026822,4.8016,0.0255214694418345,0.0669080739941507,0.00681104515516976,16,"Evergreen conifer f.","conifer","woody"
"NWTT2",0.00082066,0.00210805211031169,0.00614010817060821,0.0038255,-15.002,0.0255214694418345,0.0669080739941507,0.00681104515516976,4,"Evergreen conifer f.","conifer","woody"
"NWTT2",0.00082066,0.00210805211031169,0.00614010817060821,NA,-15.002,0.0255214694418345,0.0669080739941507,0.00681104515516976,0,"Evergreen conifer f.","conifer","woody"
"NWTT2",0.00082066,0.00210805211031169,0.00614010817060821,-0.00026822,-15.002,0.0255214694418345,0.0669080739941507,0.00681104515516976,0,"Evergreen conifer f.","conifer","woody"
"NWTT2",NA,0.00210805211031169,0.00614010817060821,-0.00026822,-15.002,0.0255214694418345,0.0669080739941507,0.00681104515516976,0,"Evergreen conifer f.","conifer","woody"
"NWTT2",-0.00023691,0.00210805211031169,0.00614010817060821,-0.00026822,-15.002,0.0255214694418345,0.0669080739941507,0.00681104515516976,8,"Evergreen conifer f.","conifer","woody"
"NWTT2",-0.00023691,0.00210805211031169,0.00614010817060821,-0.00026822,NA,0.0255214694418345,0.0669080739941507,0.00681104515516976,0,"Evergreen conifer f.","conifer","woody"
"NWTT2",-0.00023691,0.00210805211031169,0.00614010817060821,-0.00026822,4.8016,0.0255214694418345,0.0669080739941507,0.00681104515516976,16,"Evergreen conifer f.","conifer","woody"
"NWTT3",-4.2922e-05,0.00210805211031169,0.00614010817060821,0.0038255,-15.002,0.0255214694418345,0.0669080739941507,0.00681104515516976,4,"Evergreen conifer f.","conifer","woody"
"NWTT3",-4.2922e-05,0.00210805211031169,0.00614010817060821,NA,-15.002,0.0255214694418345,0.0669080739941507,0.00681104515516976,0,"Evergreen conifer f.","conifer","woody"
"NWTT3",-4.2922e-05,0.00210805211031169,0.00614010817060821,-0.00026822,-15.002,0.0255214694418345,0.0669080739941507,0.00681104515516976,10,"Evergreen conifer f.","conifer","woody"
"NWTT3",-4.2922e-05,0.00210805211031169,0.00614010817060821,-0.00026822,NA,0.0255214694418345,0.0669080739941507,0.00681104515516976,0,"Evergreen conifer f.","conifer","woody"
"NWTT3",-4.2922e-05,0.00210805211031169,0.00614010817060821,-0.00026822,4.8016,0.0255214694418345,0.0669080739941507,0.00681104515516976,8,"Evergreen conifer f.","conifer","woody"
"NWTT3",NA,0.00210805211031169,0.00614010817060821,-0.00026822,4.8016,0.0255214694418345,0.0669080739941507,0.00681104515516976,2,"Evergreen conifer f.","conifer","woody"
"NWTT3",-0.0039907,0.00210805211031169,0.00614010817060821,-0.00026822,4.8016,0.0255214694418345,0.0669080739941507,0.00681104515516976,0,"Evergreen conifer f.","conifer","woody"
"NWTT3",0.00023982,0.00210805211031169,0.00614010817060821,-0.00026822,4.8016,0.0255214694418345,0.0669080739941507,0.00681104515516976,4,"Evergreen conifer f.","conifer","woody"
"NWTT4",9.9842e-05,0.00210805211031169,0.00614010817060821,0.0038255,-15.002,0.0255214694418345,0.0669080739941507,0.00681104515516976,4,"Evergreen conifer f.","conifer","woody"
"NWTT4",9.9842e-05,0.00210805211031169,0.00614010817060821,NA,-15.002,0.0255214694418345,0.0669080739941507,0.00681104515516976,0,"Evergreen conifer f.","conifer","woody"
"NWTT4",9.9842e-05,0.00210805211031169,0.00614010817060821,-0.00026822,-15.002,0.0255214694418345,0.0669080739941507,0.00681104515516976,10,"Evergreen conifer f.","conifer","woody"
"NWTT4",9.9842e-05,0.00210805211031169,0.00614010817060821,-0.00026822,NA,0.0255214694418345,0.0669080739941507,0.00681104515516976,0,"Evergreen conifer f.","conifer","woody"
"NWTT4",9.9842e-05,0.00210805211031169,0.00614010817060821,-0.00026822,4.8016,0.0255214694418345,0.0669080739941507,0.00681104515516976,5,"Evergreen conifer f.","conifer","woody"
"NWTT4",NA,0.00210805211031169,0.00614010817060821,-0.00026822,4.8016,0.0255214694418345,0.0669080739941507,0.00681104515516976,0,"Evergreen conifer f.","conifer","woody"
"NWTT4",-0.00084354,0.00210805211031169,0.00614010817060821,-0.00026822,4.8016,0.0255214694418345,0.0669080739941507,0.00681104515516976,9,"Evergreen conifer f.","conifer","woody"
"NWTT5",-0.000144182989689847,0.00210805211031169,0.00614010817060821,0.0038255,-15.002,0.0255214694418345,0.0669080739941507,0.00681104515516976,4,"Evergreen conifer f.","conifer","woody"
"NWTT5",-0.000144182989689847,0.00210805211031169,0.00614010817060821,NA,-15.002,0.0255214694418345,0.0669080739941507,0.00681104515516976,0,"Evergreen conifer f.","conifer","woody"
"NWTT5",-0.000144182989689847,0.00210805211031169,0.00614010817060821,-0.00026822,-15.002,0.0255214694418345,0.0669080739941507,0.00681104515516976,10,"Evergreen conifer f.","conifer","woody"
"NWTT5",-0.000144182989689847,0.00210805211031169,0.00614010817060821,-0.00026822,NA,0.0255214694418345,0.0669080739941507,0.00681104515516976,0,"Evergreen conifer f.","conifer","woody"
"NWTT5",-0.000144182989689847,0.00210805211031169,0.00614010817060821,-0.00026822,4.8016,0.0255214694418345,0.0669080739941507,0.00681104515516976,16,"Evergreen conifer f.","conifer","woody"
"OAES",-4.56519319387143e-05,0.00689592443828376,0.00786676469543321,0.00400405616109687,-13.749,0.0359603170853591,0.0347897511928124,0.0348954235305418,25,"Grassland","grass","nonWoody"
"OAES",-4.56519319387143e-05,0.00689592443828376,0.00786676469543321,0.00400405616109687,NA,0.0359603170853591,0.0347897511928124,0.0348954235305418,0,"Grassland","grass","nonWoody"
"OAES",-4.56519319387143e-05,0.00689592443828376,0.00786676469543321,0.00400405616109687,21.886,0.0359603170853591,0.0347897511928124,0.0348954235305418,7,"Grassland","grass","nonWoody"
"ORNL",NA,NA,NA,NA,NA,NA,NA,NA,34,"Mixed f.","broadleaf","woody"
"PBM",1.21767790144746e-05,0.00171841881651857,0.00460442881532482,6.50926236222543e-05,-11.848,0.0268523333576574,0.0605650076651475,0.0312760181785981,16,"Grassland","grass","nonWoody"
"PBM",1.21767790144746e-05,0.00171841881651857,0.00460442881532482,6.50926236222543e-05,NA,0.0268523333576574,0.0605650076651475,0.0312760181785981,0,"Grassland","grass","nonWoody"
"PBM",1.21767790144746e-05,0.00171841881651857,0.00460442881532482,6.50926236222543e-05,4.202,0.0268523333576574,0.0605650076651475,0.0312760181785981,16,"Grassland","grass","nonWoody"
"Pf",-0.00012339,0.00171841881651857,0.00460442881532482,6.50926236222543e-05,-11.848,0.0268523333576574,0.0605650076651475,0.0312760181785981,13,"Grassland","grass","nonWoody"
"Pf",NA,0.00171841881651857,0.00460442881532482,6.50926236222543e-05,-11.848,0.0268523333576574,0.0605650076651475,0.0312760181785981,0,"Grassland","grass","nonWoody"
"Pf",0.00045092,0.00171841881651857,0.00460442881532482,6.50926236222543e-05,-11.848,0.0268523333576574,0.0605650076651475,0.0312760181785981,1,"Grassland","grass","nonWoody"
"Pf",0.00045092,0.00171841881651857,0.00460442881532482,6.50926236222543e-05,NA,0.0268523333576574,0.0605650076651475,0.0312760181785981,0,"Grassland","grass","nonWoody"
"Pf",NA,0.00171841881651857,0.00460442881532482,6.50926236222543e-05,4.202,0.0268523333576574,0.0605650076651475,0.0312760181785981,0,"Grassland","grass","nonWoody"
"Pf",-5.9018e-05,0.00171841881651857,0.00460442881532482,6.50926236222543e-05,4.202,0.0268523333576574,0.0605650076651475,0.0312760181785981,15,"Grassland","grass","nonWoody"
"PfEnq",NA,NA,NA,NA,NA,NA,NA,NA,34,"Grassland","grass","nonWoody"
"PH",0.0001492,0.00203311145209344,0.00550104978252656,0.000118647735427501,-12.054,0.0290555017825621,0.0616337865599068,0.0397919662440119,14,"Grassland","grass","nonWoody"
"PH",NA,0.00203311145209344,0.00550104978252656,0.000118647735427501,-12.054,0.0290555017825621,0.0616337865599068,0.0397919662440119,0,"Grassland","grass","nonWoody"
"PH",-8.3865e-05,0.00203311145209344,0.00550104978252656,0.000118647735427501,NA,0.0290555017825621,0.0616337865599068,0.0397919662440119,0,"Grassland","grass","nonWoody"
"PH",-8.3865e-05,0.00203311145209344,0.00550104978252656,0.000118647735427501,4.3887,0.0290555017825621,0.0616337865599068,0.0397919662440119,17,"Grassland","grass","nonWoody"
"Pitilla",-0.000107009173843788,-0.00150912283085059,-0.00486131599678213,-1.47155750490211e-05,13.3915798724391,0.00795117649154154,-0.0100363053560565,0.0124072784809199,34,"Broadleaf evergreen f.","broadleaf","woody"
"Playa_Hachal",-7.22848870762218e-08,-0.00128877246550472,-0.00369605205891271,-0.000755051689097859,14.8724863361688,0.00795078868007969,-0.00851082486194769,0.0135033527542015,34,"Broadleaf evergreen f.","broadleaf","woody"
"PUUM",-8.7135e-05,0.0046809,0.0074738,0.000479615386850074,-106.19,-0.0088413,0.027891,0.00830860955485409,13,"Broadleaf evergreen f.","broadleaf","woody"
"PUUM",-8.7135e-05,0.0046809,0.0074738,0.000479615386850074,NA,-0.0088413,0.027891,0.00830860955485409,0,"Broadleaf evergreen f.","broadleaf","woody"
"PUUM",-8.7135e-05,NA,0.0074738,0.000479615386850074,43.678,-0.0088413,0.027891,0.00830860955485409,0,"Broadleaf evergreen f.","broadleaf","woody"
"PUUM",-8.7135e-05,-0.0018331,0.0074738,0.000479615386850074,43.678,-0.0088413,0.027891,0.00830860955485409,2,"Broadleaf evergreen f.","broadleaf","woody"
"PUUM",-8.7135e-05,-0.0018331,NA,0.000479615386850074,43.678,-0.0088413,NA,0.00830860955485409,0,"Broadleaf evergreen f.","broadleaf","woody"
"PUUM",-8.7135e-05,-0.0018331,-0.0062752,0.000479615386850074,43.678,-0.0088413,-0.1178,0.00830860955485409,5,"Broadleaf evergreen f.","broadleaf","woody"
"PUUM",-8.7135e-05,-0.0018331,-0.0062752,0.000479615386850074,43.678,-0.0088413,NA,0.00830860955485409,0,"Broadleaf evergreen f.","broadleaf","woody"
"PUUM",-8.7135e-05,-0.0018331,-0.0062752,0.000479615386850074,43.678,NA,0.20182,0.00830860955485409,0,"Broadleaf evergreen f.","broadleaf","woody"
"PUUM",-8.7135e-05,-0.0018331,-0.0062752,0.000479615386850074,43.678,0.16519,0.20182,0.00830860955485409,2,"Broadleaf evergreen f.","broadleaf","woody"
"PUUM",NA,-0.0018331,-0.0062752,0.000479615386850074,43.678,0.16519,0.20182,0.00830860955485409,0,"Broadleaf evergreen f.","broadleaf","woody"
"PUUM",0.00080181,-0.0018331,-0.0062752,0.000479615386850074,43.678,0.16519,0.20182,0.00830860955485409,2,"Broadleaf evergreen f.","broadleaf","woody"
"Rd",1.5667e-05,0.00209594251621478,0.00574872754225383,9.4476561730854e-05,-12.684,0.0285644423893272,0.0608892843782308,0.0375415767684552,15,"Grassland","grass","nonWoody"
"Rd",1.5667e-05,0.00209594251621478,0.00574872754225383,9.4476561730854e-05,NA,0.0285644423893272,0.0608892843782308,0.0375415767684552,0,"Grassland","grass","nonWoody"
"Rd",1.5667e-05,0.00209594251621478,0.00574872754225383,9.4476561730854e-05,4.6126,0.0285644423893272,0.0608892843782308,0.0375415767684552,14,"Grassland","grass","nonWoody"
"Rd",NA,0.00209594251621478,0.00574872754225383,9.4476561730854e-05,4.6126,0.0285644423893272,0.0608892843782308,0.0375415767684552,0,"Grassland","grass","nonWoody"
"Rd",0.00081407,0.00209594251621478,0.00574872754225383,9.4476561730854e-05,4.6126,0.0285644423893272,0.0608892843782308,0.0375415767684552,1,"Grassland","grass","nonWoody"
"RDLV",-0.000138589869625359,-0.00109494395441124,-0.00445889100475331,9.4391080220629e-05,13.1077163649716,0.00911127192377584,-0.0151879480725702,0.0181387973390183,34,"Broadleaf evergreen f.","broadleaf","woody"
"SanJose",-8.42218279782145e-05,0.00273737077108252,0.0045576975497516,0.00180791006386066,-3.5443456190422,0.0049531,0.0296605305529137,0.00814899894488825,29,"Mixed f.","broadleaf","woody"
"SanJose",-8.42218279782145e-05,0.00273737077108252,0.0045576975497516,0.00180791006386066,-3.5443456190422,NA,0.0296605305529137,0.00814899894488825,0,"Mixed f.","broadleaf","woody"
"SanJose",-8.42218279782145e-05,0.00273737077108252,0.0045576975497516,0.00180791006386066,-3.5443456190422,0.23169,0.0296605305529137,0.00814899894488825,3,"Mixed f.","broadleaf","woody"
"SCBI",0.00045938,0.000700936504267786,0.000434415173205548,0.00138625932536822,3.41711373510406,0.0211109366563389,0.00919874826330383,0.0187039595459808,2,"Broadleaf deciduous f.","broadleaf","woody"
"SCBI",NA,0.000700936504267786,0.000434415173205548,0.00138625932536822,3.41711373510406,0.0211109366563389,0.00919874826330383,0.0187039595459808,0,"Broadleaf deciduous f.","broadleaf","woody"
"SCBI",-1.7643e-05,0.000700936504267786,0.000434415173205548,0.00138625932536822,3.41711373510406,0.0211109366563389,0.00919874826330383,0.0187039595459808,30,"Broadleaf deciduous f.","broadleaf","woody"
"SERC",-7.4115e-05,0.000130337373028242,0.000435930467736691,0.000969050995908751,5.58352098199261,0.0180473807751406,0.00796420744357689,-0.00135822819448073,12,"Broadleaf deciduous f.","broadleaf","woody"
"SERC",NA,0.000130337373028242,0.000435930467736691,0.000969050995908751,5.58352098199261,0.0180473807751406,0.00796420744357689,-0.00135822819448073,0,"Broadleaf deciduous f.","broadleaf","woody"
"SERC",7.0112e-06,0.000130337373028242,0.000435930467736691,0.000969050995908751,5.58352098199261,0.0180473807751406,0.00796420744357689,-0.00135822819448073,20,"Broadleaf deciduous f.","broadleaf","woody"
"SkiValley",0.00016302,0.00605826875470391,0.00997602374070546,0.00378868293122244,-17.051,0.0398566052026299,0.0417478422057659,0.0325986385890129,16,"Evergreen conifer f.","conifer","woody"
"SkiValley",0.00016302,0.00605826875470391,0.00997602374070546,0.00378868293122244,NA,0.0398566052026299,0.0417478422057659,0.0325986385890129,0,"Evergreen conifer f.","conifer","woody"
"SkiValley",0.00016302,0.00605826875470391,0.00997602374070546,0.00378868293122244,6.2424,0.0398566052026299,0.0417478422057659,0.0325986385890129,2,"Evergreen conifer f.","conifer","woody"
"SkiValley",NA,0.00605826875470391,0.00997602374070546,0.00378868293122244,6.2424,0.0398566052026299,0.0417478422057659,0.0325986385890129,0,"Evergreen conifer f.","conifer","woody"
"SkiValley",-0.00062102,0.00605826875470391,0.00997602374070546,0.00378868293122244,6.2424,0.0398566052026299,0.0417478422057659,0.0325986385890129,12,"Evergreen conifer f.","conifer","woody"
"SNP1",-0.00014703,0.00736871473524496,-0.042653,0.0011391610718916,-0.404143100519708,0.0400718950033345,-0.18039,0.0322877376340844,5,"Evergreen conifer f.","conifer","woody"
"SNP1",-0.00014703,0.00736871473524496,NA,0.0011391610718916,-0.404143100519708,0.0400718950033345,-0.18039,0.0322877376340844,0,"Evergreen conifer f.","conifer","woody"
"SNP1",-0.00014703,0.00736871473524496,0.022113,0.0011391610718916,-0.404143100519708,0.0400718950033345,-0.18039,0.0322877376340844,0,"Evergreen conifer f.","conifer","woody"
"SNP1",-0.00014703,0.00736871473524496,0.022113,0.0011391610718916,-0.404143100519708,0.0400718950033345,NA,0.0322877376340844,0,"Evergreen conifer f.","conifer","woody"
"SNP1",-0.00014703,0.00736871473524496,0.022113,0.0011391610718916,-0.404143100519708,0.0400718950033345,0.10337,0.0322877376340844,15,"Evergreen conifer f.","conifer","woody"
"SNP1",NA,0.00736871473524496,0.022113,0.0011391610718916,-0.404143100519708,0.0400718950033345,0.10337,0.0322877376340844,0,"Evergreen conifer f.","conifer","woody"
"SNP1",-0.0010457,0.00736871473524496,0.022113,0.0011391610718916,-0.404143100519708,0.0400718950033345,0.10337,0.0322877376340844,8,"Evergreen conifer f.","conifer","woody"
"SNP2",0.00045479,-0.0005766,-0.040559,0.00107728524998498,-0.728865672419351,0.01397,-0.087382,0.0275463607831577,5,"Mixed f.","broadleaf","woody"
"SNP2",0.00045479,-0.0005766,NA,0.00107728524998498,-0.728865672419351,0.01397,-0.087382,0.0275463607831577,0,"Mixed f.","broadleaf","woody"
"SNP2",0.00045479,-0.0005766,0.021441,0.00107728524998498,-0.728865672419351,0.01397,-0.087382,0.0275463607831577,2,"Mixed f.","broadleaf","woody"
"SNP2",NA,-0.0005766,0.021441,0.00107728524998498,-0.728865672419351,0.01397,-0.087382,0.0275463607831577,0,"Mixed f.","broadleaf","woody"
"SNP2",-0.00049393,-0.0005766,0.021441,0.00107728524998498,-0.728865672419351,0.01397,-0.087382,0.0275463607831577,0,"Mixed f.","broadleaf","woody"
"SNP2",-0.00049393,-0.0005766,0.021441,0.00107728524998498,-0.728865672419351,0.01397,NA,0.0275463607831577,0,"Mixed f.","broadleaf","woody"
"SNP2",-0.00049393,NA,0.021441,0.00107728524998498,-0.728865672419351,0.01397,0.11506,0.0275463607831577,0,"Mixed f.","broadleaf","woody"
"SNP2",-0.00049393,0.011102,0.021441,0.00107728524998498,-0.728865672419351,0.01397,0.11506,0.0275463607831577,11,"Mixed f.","broadleaf","woody"
"SNP2",-0.00049393,0.011102,0.021441,0.00107728524998498,-0.728865672419351,NA,0.11506,0.0275463607831577,7,"Mixed f.","broadleaf","woody"
"SNP2",-0.00049393,0.011102,0.021441,0.00107728524998498,-0.728865672419351,0.25145,0.11506,0.0275463607831577,5,"Mixed f.","broadleaf","woody"
"SNP2",-0.00049393,0.011102,0.021441,0.00107728524998498,-0.728865672419351,-1.3378,0.11506,0.0275463607831577,0,"Mixed f.","broadleaf","woody"
"SNP3",8.2465e-05,0.00338429885852671,0.00733105778900058,-0.00091448,0.0240095097303881,-0.0055261,0.0299611384527812,0.0136172597834345,8,"Evergreen conifer f.","conifer","woody"
"SNP3",NA,0.00338429885852671,0.00733105778900058,-0.00091448,0.0240095097303881,-0.0055261,0.0299611384527812,0.0136172597834345,6,"Evergreen conifer f.","conifer","woody"
"SNP3",-0.00032319,0.00338429885852671,0.00733105778900058,-0.00091448,0.0240095097303881,-0.0055261,0.0299611384527812,0.0136172597834345,4,"Evergreen conifer f.","conifer","woody"
"SNP3",4.6287e-05,0.00338429885852671,0.00733105778900058,-0.00091448,0.0240095097303881,-0.0055261,0.0299611384527812,0.0136172597834345,4,"Evergreen conifer f.","conifer","woody"
"SNP3",4.6287e-05,0.00338429885852671,0.00733105778900058,NA,0.0240095097303881,-0.0055261,0.0299611384527812,0.0136172597834345,0,"Evergreen conifer f.","conifer","woody"
"SNP3",4.6287e-05,0.00338429885852671,0.00733105778900058,0.0069532,0.0240095097303881,-0.0055261,0.0299611384527812,0.0136172597834345,3,"Evergreen conifer f.","conifer","woody"
"SNP3",4.6287e-05,0.00338429885852671,0.00733105778900058,0.0069532,0.0240095097303881,NA,0.0299611384527812,0.0136172597834345,0,"Evergreen conifer f.","conifer","woody"
"SNP3",4.6287e-05,0.00338429885852671,0.00733105778900058,0.0069532,0.0240095097303881,0.23075,0.0299611384527812,0.0136172597834345,1,"Evergreen conifer f.","conifer","woody"
"SNP3",4.6287e-05,0.00338429885852671,0.00733105778900058,NA,0.0240095097303881,0.23075,0.0299611384527812,0.0136172597834345,0,"Evergreen conifer f.","conifer","woody"
"SNP3",4.6287e-05,0.00338429885852671,0.00733105778900058,-0.015448,0.0240095097303881,0.23075,0.0299611384527812,0.0136172597834345,2,"Evergreen conifer f.","conifer","woody"
"SNP3",4.6287e-05,0.00338429885852671,0.00733105778900058,-0.015448,0.0240095097303881,NA,0.0299611384527812,0.0136172597834345,0,"Evergreen conifer f.","conifer","woody"
"SNP3",4.6287e-05,0.00338429885852671,0.00733105778900058,-0.015448,0.0240095097303881,-1.4579,0.0299611384527812,0.0136172597834345,0,"Evergreen conifer f.","conifer","woody"
"SNP4",0.00043191,0.00295751614626026,0.00681003657057011,-0.0011437,-0.564109664199019,-0.011738,0.0279204536228103,0.00278335324834194,7,"Evergreen conifer f.","conifer","woody"
"SNP4",NA,0.00295751614626026,0.00681003657057011,-0.0011437,-0.564109664199019,-0.011738,0.0279204536228103,0.00278335324834194,0,"Evergreen conifer f.","conifer","woody"
"SNP4",-0.00045261,0.00295751614626026,0.00681003657057011,-0.0011437,-0.564109664199019,-0.011738,0.0279204536228103,0.00278335324834194,10,"Evergreen conifer f.","conifer","woody"
"SNP4",-0.00045261,0.00295751614626026,0.00681003657057011,NA,-0.564109664199019,-0.011738,0.0279204536228103,0.00278335324834194,0,"Evergreen conifer f.","conifer","woody"
"SNP4",-0.00045261,0.00295751614626026,0.00681003657057011,0.0062783,-0.564109664199019,-0.011738,0.0279204536228103,0.00278335324834194,3,"Evergreen conifer f.","conifer","woody"
"SNP4",-0.00045261,0.00295751614626026,0.00681003657057011,0.0062783,-0.564109664199019,NA,0.0279204536228103,0.00278335324834194,0,"Evergreen conifer f.","conifer","woody"
"SNP4",-0.00045261,0.00295751614626026,0.00681003657057011,0.0062783,-0.564109664199019,0.22436,0.0279204536228103,0.00278335324834194,3,"Evergreen conifer f.","conifer","woody"
"SNP4",-0.00045261,0.00295751614626026,0.00681003657057011,NA,-0.564109664199019,0.22436,0.0279204536228103,0.00278335324834194,0,"Evergreen conifer f.","conifer","woody"
"SNP4",-0.00045261,0.00295751614626026,0.00681003657057011,-0.016525,-0.564109664199019,0.22436,0.0279204536228103,0.00278335324834194,1,"Evergreen conifer f.","conifer","woody"
"SNP4",-0.00045261,0.00295751614626026,0.00681003657057011,-0.016525,-0.564109664199019,NA,0.0279204536228103,0.00278335324834194,0,"Evergreen conifer f.","conifer","woody"
"SNP4",-0.00045261,0.00295751614626026,0.00681003657057011,-0.016525,-0.564109664199019,-1.521,0.0279204536228103,0.00278335324834194,0,"Evergreen conifer f.","conifer","woody"
"SNP5",NA,NA,NA,NA,NA,NA,NA,NA,34,"Evergreen conifer f.","conifer","woody"
"SNP6",-9.09381471062108e-05,0.00673358147278517,0.0148413878766359,0.000784270500241569,-1.22119852317518,0.006988,-0.10207,0.0227436792995333,11,"Broadleaf deciduous f.","broadleaf","woody"
"SNP6",-9.09381471062108e-05,0.00673358147278517,0.0148413878766359,0.000784270500241569,-1.22119852317518,0.006988,NA,0.0227436792995333,0,"Broadleaf deciduous f.","broadleaf","woody"
"SNP6",-9.09381471062108e-05,0.00673358147278517,0.0148413878766359,0.000784270500241569,-1.22119852317518,0.006988,0.11394,0.0227436792995333,12,"Broadleaf deciduous f.","broadleaf","woody"
"SNP6",-9.09381471062108e-05,0.00673358147278517,0.0148413878766359,0.000784270500241569,-1.22119852317518,NA,0.11394,0.0227436792995333,7,"Broadleaf deciduous f.","broadleaf","woody"
"SNP6",-9.09381471062108e-05,0.00673358147278517,0.0148413878766359,0.000784270500241569,-1.22119852317518,0.26176,0.11394,0.0227436792995333,5,"Broadleaf deciduous f.","broadleaf","woody"
"SNP6",-9.09381471062108e-05,0.00673358147278517,0.0148413878766359,0.000784270500241569,-1.22119852317518,-1.3149,0.11394,0.0227436792995333,0,"Broadleaf deciduous f.","broadleaf","woody"
"SNP7",0.00089044,0.00673358147278517,0.0148413878766359,0.000784270500241569,-1.22119852317518,0.006988,-0.10207,0.0227436792995333,2,"Mixed f.","broadleaf","woody"
"SNP7",NA,0.00673358147278517,0.0148413878766359,0.000784270500241569,-1.22119852317518,0.006988,-0.10207,0.0227436792995333,0,"Mixed f.","broadleaf","woody"
"SNP7",-0.00011973,0.00673358147278517,0.0148413878766359,0.000784270500241569,-1.22119852317518,0.006988,-0.10207,0.0227436792995333,7,"Mixed f.","broadleaf","woody"
"SNP7",-0.00011973,0.00673358147278517,0.0148413878766359,0.000784270500241569,-1.22119852317518,0.006988,NA,0.0227436792995333,0,"Mixed f.","broadleaf","woody"
"SNP7",-0.00011973,0.00673358147278517,0.0148413878766359,0.000784270500241569,-1.22119852317518,0.006988,0.11394,0.0227436792995333,12,"Mixed f.","broadleaf","woody"
"SNP7",-0.00011973,0.00673358147278517,0.0148413878766359,0.000784270500241569,-1.22119852317518,NA,0.11394,0.0227436792995333,7,"Mixed f.","broadleaf","woody"
"SNP7",-0.00011973,0.00673358147278517,0.0148413878766359,0.000784270500241569,-1.22119852317518,0.26176,0.11394,0.0227436792995333,5,"Mixed f.","broadleaf","woody"
"SNP7",-0.00011973,0.00673358147278517,0.0148413878766359,0.000784270500241569,-1.22119852317518,-1.3149,0.11394,0.0227436792995333,0,"Mixed f.","broadleaf","woody"
"SNP8",-0.00017473,0.00503334503871923,0.0108613186244711,-0.00064721,-0.340149135777771,0.0037423,-0.078795,0.0186855899291059,11,"Mixed f.","mixed","woody"
"SNP8",-0.00017473,0.00503334503871923,0.0108613186244711,-0.00064721,-0.340149135777771,0.0037423,NA,0.0186855899291059,0,"Mixed f.","mixed","woody"
"SNP8",-0.00017473,0.00503334503871923,0.0108613186244711,-0.00064721,-0.340149135777771,0.0037423,0.091679,0.0186855899291059,7,"Mixed f.","mixed","woody"
"SNP8",-0.00017473,0.00503334503871923,0.0108613186244711,NA,-0.340149135777771,0.0037423,0.091679,0.0186855899291059,0,"Mixed f.","mixed","woody"
"SNP8",NA,0.00503334503871923,0.0108613186244711,0.008175,-0.340149135777771,0.0037423,0.091679,0.0186855899291059,0,"Mixed f.","mixed","woody"
"SNP8",6.2874e-05,0.00503334503871923,0.0108613186244711,0.008175,-0.340149135777771,0.0037423,0.091679,0.0186855899291059,2,"Mixed f.","mixed","woody"
"SNP8",6.2874e-05,0.00503334503871923,0.0108613186244711,0.008175,-0.340149135777771,NA,0.091679,0.0186855899291059,0,"Mixed f.","mixed","woody"
"SNP8",6.2874e-05,0.00503334503871923,0.0108613186244711,0.008175,-0.340149135777771,0.2381,0.091679,0.0186855899291059,1,"Mixed f.","mixed","woody"
"SNP8",6.2874e-05,0.00503334503871923,0.0108613186244711,NA,-0.340149135777771,0.2381,0.091679,0.0186855899291059,0,"Mixed f.","mixed","woody"
"SNP8",6.2874e-05,0.00503334503871923,0.0108613186244711,-0.016866,-0.340149135777771,0.2381,0.091679,0.0186855899291059,2,"Mixed f.","mixed","woody"
"SNP8",6.2874e-05,0.00503334503871923,0.0108613186244711,-0.016866,-0.340149135777771,NA,0.091679,0.0186855899291059,0,"Mixed f.","mixed","woody"
"SNP8",6.2874e-05,0.00503334503871923,0.0108613186244711,-0.016866,-0.340149135777771,-1.3817,0.091679,0.0186855899291059,0,"Mixed f.","mixed","woody"
"SOAP",0.00033291,0.00936348752734873,-0.031558,0.0010562538198456,0.451910987808652,0.0489161816734672,-0.19204,0.0267435173825408,6,"Evergreen conifer f.","conifer","woody"
"SOAP",NA,0.00936348752734873,-0.031558,0.0010562538198456,0.451910987808652,0.0489161816734672,-0.19204,0.0267435173825408,0,"Evergreen conifer f.","conifer","woody"
"SOAP",-0.00012971,0.00936348752734873,NA,0.0010562538198456,0.451910987808652,0.0489161816734672,NA,0.0267435173825408,0,"Evergreen conifer f.","conifer","woody"
"SOAP",-0.00012971,0.00936348752734873,0.030355,0.0010562538198456,0.451910987808652,0.0489161816734672,0.12715,0.0267435173825408,15,"Evergreen conifer f.","conifer","woody"
"SOAP",NA,0.00936348752734873,0.030355,0.0010562538198456,0.451910987808652,0.0489161816734672,0.12715,0.0267435173825408,0,"Evergreen conifer f.","conifer","woody"
"SOAP",-0.00037304,0.00936348752734873,0.030355,0.0010562538198456,0.451910987808652,0.0489161816734672,0.12715,0.0267435173825408,8,"Evergreen conifer f.","conifer","woody"
"STEI",NA,NA,NA,NA,NA,NA,NA,NA,34,"Mixed f.","broadleaf","woody"
"SV-1",0.00023408,-0.00097166,-0.000282666998897232,0.000136702088333975,10.4863601670496,0.0149379172276022,0.00976304197373556,0.0172217531698118,7,"Broadleaf evergreen f.","broadleaf","woody"
"SV-1",NA,-0.00097166,-0.000282666998897232,0.000136702088333975,10.4863601670496,0.0149379172276022,0.00976304197373556,0.0172217531698118,0,"Broadleaf evergreen f.","broadleaf","woody"
"SV-1",-0.00025312,-0.00097166,-0.000282666998897232,0.000136702088333975,10.4863601670496,0.0149379172276022,0.00976304197373556,0.0172217531698118,15,"Broadleaf evergreen f.","broadleaf","woody"
"SV-1",-0.00025312,NA,-0.000282666998897232,0.000136702088333975,10.4863601670496,0.0149379172276022,0.00976304197373556,0.0172217531698118,0,"Broadleaf evergreen f.","broadleaf","woody"
"SV-1",-0.00025312,0.0040289,-0.000282666998897232,0.000136702088333975,10.4863601670496,0.0149379172276022,0.00976304197373556,0.0172217531698118,8,"Broadleaf evergreen f.","broadleaf","woody"
"SV-2",0.0029078,-0.00097166,-0.000282666998897232,0.000136702088333975,10.4863601670496,0.0149379172276022,0.00976304197373556,0.0172217531698118,2,"Broadleaf evergreen f.","broadleaf","woody"
"SV-2",NA,-0.00097166,-0.000282666998897232,0.000136702088333975,10.4863601670496,0.0149379172276022,0.00976304197373556,0.0172217531698118,0,"Broadleaf evergreen f.","broadleaf","woody"
"SV-2",-0.00047296,-0.00097166,-0.000282666998897232,0.000136702088333975,10.4863601670496,0.0149379172276022,0.00976304197373556,0.0172217531698118,20,"Broadleaf evergreen f.","broadleaf","woody"
"SV-2",-0.00047296,NA,-0.000282666998897232,0.000136702088333975,10.4863601670496,0.0149379172276022,0.00976304197373556,0.0172217531698118,0,"Broadleaf evergreen f.","broadleaf","woody"
"SV-2",-0.00047296,0.0040289,-0.000282666998897232,0.000136702088333975,10.4863601670496,0.0149379172276022,0.00976304197373556,0.0172217531698118,2,"Broadleaf evergreen f.","broadleaf","woody"
"SV-2",NA,0.0040289,-0.000282666998897232,0.000136702088333975,10.4863601670496,0.0149379172276022,0.00976304197373556,0.0172217531698118,0,"Broadleaf evergreen f.","broadleaf","woody"
"SV-2",0.00095395,0.0040289,-0.000282666998897232,0.000136702088333975,10.4863601670496,0.0149379172276022,0.00976304197373556,0.0172217531698118,4,"Broadleaf evergreen f.","broadleaf","woody"
"TALL",0.00010248,0.0023030984554637,0.00494114278979554,0.00132208899715016,1.00230549840954,0.0213518740481602,0.022182564407365,0.0105510183107049,17,"Evergreen conifer f.","conifer","woody"
"TALL",NA,0.0023030984554637,0.00494114278979554,0.00132208899715016,1.00230549840954,0.0213518740481602,0.022182564407365,0.0105510183107049,0,"Evergreen conifer f.","conifer","woody"
"TALL",-9.5875e-05,0.0023030984554637,0.00494114278979554,0.00132208899715016,1.00230549840954,0.0213518740481602,0.022182564407365,0.0105510183107049,15,"Evergreen conifer f.","conifer","woody"
"Tinamu",-1.9741e-05,0.000385869470641092,0.000845645293724221,0.000446516822639323,-3.30861614353632,0.0158410775591678,0.0163814130350226,0.0145037081654207,0,"Broadleaf evergreen f.","broadleaf","woody"
"Tinamu",0.00061086,0.000385869470641092,0.000845645293724221,0.000446516822639323,-3.30861614353632,0.0158410775591678,0.0163814130350226,0.0145037081654207,34,"Broadleaf evergreen f.","broadleaf","woody"
"TOOL",9.086e-05,7.48887844164042e-05,-0.00117404966645463,-1.7931e-05,14.362,0.026407,-0.00752105620103538,0.0811979250636648,10,"Other","grass","nonWoody"
"TOOL",9.086e-05,7.48887844164042e-05,-0.00117404966645463,-1.7931e-05,NA,0.026407,-0.00752105620103538,0.0811979250636648,11,"Other","grass","nonWoody"
"TOOL",9.086e-05,7.48887844164042e-05,-0.00117404966645463,-1.7931e-05,-16.271,0.026407,-0.00752105620103538,0.0811979250636648,9,"Other","grass","nonWoody"
"TOOL",NA,7.48887844164042e-05,-0.00117404966645463,-1.7931e-05,20.613,0.026407,-0.00752105620103538,0.0811979250636648,0,"Other","grass","nonWoody"
"TOOL",-0.00043388,7.48887844164042e-05,-0.00117404966645463,-1.7931e-05,20.613,0.026407,-0.00752105620103538,0.0811979250636648,2,"Other","grass","nonWoody"
"TOOL",-0.00043388,7.48887844164042e-05,-0.00117404966645463,NA,20.613,0.026407,-0.00752105620103538,0.0811979250636648,0,"Other","grass","nonWoody"
"TOOL",-0.00043388,7.48887844164042e-05,-0.00117404966645463,0.0012977,20.613,NA,-0.00752105620103538,0.0811979250636648,0,"Other","grass","nonWoody"
"TOOL",-0.00043388,7.48887844164042e-05,-0.00117404966645463,0.0012977,20.613,0.39735,-0.00752105620103538,0.0811979250636648,5,"Other","grass","nonWoody"
"UKFS",-1.40699159113293e-05,0.00213560040770601,0.00618626928740287,0.00176721414295603,-3.44724600626677,0.0205017273798651,0.0295111995283202,0.0255103838785475,34,"Mixed f.","broadleaf","woody"
"UM",2.45055170665784e-05,0.00209594251621478,0.00574872754225383,9.4476561730854e-05,-12.684,0.0285644423893272,0.0608892843782308,0.0375415767684552,15,"Grassland","grass","nonWoody"
"UM",2.45055170665784e-05,0.00209594251621478,0.00574872754225383,9.4476561730854e-05,NA,0.0285644423893272,0.0608892843782308,0.0375415767684552,0,"Grassland","grass","nonWoody"
"UM",2.45055170665784e-05,0.00209594251621478,0.00574872754225383,9.4476561730854e-05,4.6126,0.0285644423893272,0.0608892843782308,0.0375415767684552,17,"Grassland","grass","nonWoody"
"UNDE",3.00147755672597e-06,0.00029208454431272,0.000226080856723522,9.49723077637358e-05,-6.7178,0.0149058916906878,0.0186711628708909,0.00572488091711827,23,"Broadleaf deciduous f.","broadleaf","woody"
"UNDE",3.00147755672597e-06,0.00029208454431272,0.000226080856723522,9.49723077637358e-05,NA,0.0149058916906878,0.0186711628708909,0.00572488091711827,0,"Broadleaf deciduous f.","broadleaf","woody"
"UNDE",3.00147755672597e-06,0.00029208454431272,0.000226080856723522,9.49723077637358e-05,29.654,0.0149058916906878,0.0186711628708909,0.00572488091711827,9,"Broadleaf deciduous f.","broadleaf","woody"
"WG-1",-0.000181453255921487,0.00209594251621478,0.00574872754225383,9.4476561730854e-05,-12.684,0.0285644423893272,0.0608892843782308,0.0375415767684552,15,"Evergreen conifer f.","conifer","woody"
"WG-1",-0.000181453255921487,0.00209594251621478,0.00574872754225383,9.4476561730854e-05,NA,0.0285644423893272,0.0608892843782308,0.0375415767684552,0,"Evergreen conifer f.","conifer","woody"
"WG-1",-0.000181453255921487,0.00209594251621478,0.00574872754225383,9.4476561730854e-05,4.6126,0.0285644423893272,0.0608892843782308,0.0375415767684552,17,"Evergreen conifer f.","conifer","woody"
"WG-4",3.62144384574278e-05,0.00171841881651857,0.00460442881532482,6.50926236222543e-05,-11.848,0.0268523333576574,0.0605650076651475,0.0312760181785981,16,"Evergreen conifer f.","conifer","woody"
"WG-4",3.62144384574278e-05,0.00171841881651857,0.00460442881532482,6.50926236222543e-05,NA,0.0268523333576574,0.0605650076651475,0.0312760181785981,0,"Evergreen conifer f.","conifer","woody"
"WG-4",3.62144384574278e-05,0.00171841881651857,0.00460442881532482,6.50926236222543e-05,4.202,0.0268523333576574,0.0605650076651475,0.0312760181785981,16,"Evergreen conifer f.","conifer","woody"
"WOOD",NA,NA,NA,NA,NA,NA,NA,NA,34,"Grassland","grass","nonWoody"
"WREF",-0.000156554685166948,0.00020777811677774,-0.15523,-3.58668339017605e-05,8.74990073019971,0.0101715791386799,-1.5308,0.22044,2,"Evergreen conifer f.","conifer","woody"
"WREF",-0.000156554685166948,0.00020777811677774,NA,-3.58668339017605e-05,8.74990073019971,0.0101715791386799,NA,0.22044,0,"Evergreen conifer f.","conifer","woody"
"WREF",-0.000156554685166948,0.00020777811677774,0.0071085,-3.58668339017605e-05,8.74990073019971,0.0101715791386799,0.067637,0.22044,9,"Evergreen conifer f.","conifer","woody"
"WREF",-0.000156554685166948,0.00020777811677774,0.0071085,-3.58668339017605e-05,8.74990073019971,0.0101715791386799,0.067637,NA,0,"Evergreen conifer f.","conifer","woody"
"WREF",-0.000156554685166948,0.00020777811677774,0.0071085,-3.58668339017605e-05,8.74990073019971,0.0101715791386799,0.067637,-0.055664,19,"Evergreen conifer f.","conifer","woody"
